NP_000005,A2M
NP_000007,ACADM
NP_000008,ACADS
NP_000009,ACADVL
NP_000010,ACAT1
NP_000013,ADA
NP_000017,ADSL
NP_000020,AGT
NP_000022,ALAD
NP_000025,ALDOA
NP_000028,ANK1
NP_000030,APOA1
NP_000031,APOC3
NP_000032,APOE
NP_000033,APOH
NP_000039,ASL
NP_000041,ASS1
NP_000047,BCKDHB
NP_000054,C2
NP_000055,C3
NP_000057,C8B
NP_000058,CA2
NP_000066,CDK4
NP_000079,COL1A1
NP_000080,COL1A2
NP_000081,COL3A1
NP_000084,COL5A1
NP_000086,COMP
NP_000087,CP
NP_000088,CPOX
NP_000089,CPT2
NP_000090,CST3
NP_000091,CSTB
NP_000099,DLD
NP_000101,DPYD
NP_000108,EMD
NP_000111,EPHX1
NP_000117,ETFA
NP_000120,F13A1
NP_000124,F9
NP_000128,FAH
NP_000129,FBN1
NP_000131,FECH
NP_000134,FH
NP_000137,FTL
NP_000138,FUCA1
NP_000145,GALK1
NP_000146,GALT
NP_000149,GBE1
NP_000150,GCDH
NP_000160,GLA
NP_000161,GLDC
NP_000166,GPI
NP_000168,GSN
NP_000169,GSS
NP_000170,MSH6
NP_000173,HADHA
NP_000174,HADHB
NP_000175,HBG2
NP_000176,SERPIND1
NP_000177,CFH
NP_000179,HK1
NP_000180,HK2
NP_000182,HMGCL
NP_000185,HPRT1
NP_000192,ICAM1
NP_000194,IDUA
NP_000195,CFI
NP_000201,ITGA6
NP_000215,KRT18
NP_000225,LIG1
NP_000226,LIPA
NP_000230,LYZ
NP_000231,MAOA
NP_000241,MPO
NP_000242,MSH2
NP_000243,MTM1
NP_000246,MUT
NP_000253,NAGA
NP_000254,NAGLU
NP_000256,NCF1
NP_000258,NF1
NP_000260,NME1
NP_000261,PNP
NP_000265,OAT
NP_000273,PCCA
NP_000275,PDHA1
NP_000276,PEPD
NP_000281,PGAM2
NP_000282,PGK1
NP_000292,PLG
NP_000293,PLOD1
NP_000294,PMM2
NP_000296,PON2
NP_000300,PPOX
NP_000301,PPT1
NP_000302,PRNP
NP_000304,PROS1
NP_000311,QDPR
NP_000312,RB1
NP_000333,SLC4A1
NP_000335,SMN1
NP_000349,TGFBI
NP_000356,TPI1
NP_000357,TPM1
NP_000358,TPMT
NP_000362,TTR
NP_000364,UMPS
NP_000365,UROD
NP_000375,APOB
NP_000377,BLMH
NP_000378,SLC25A20
NP_000382,TPP1
NP_000384,COL5A2
NP_000387,CTSK
NP_000388,CYBB
NP_000394,GALE
NP_000396,GM2A
NP_000399,GPD2
NP_000403,HRG
NP_000405,HSD17B4
NP_000413,KRT17
NP_000414,KRT2
NP_000415,KRT5
NP_000419,LTBP2
NP_000421,PAFAH1B1
NP_000424,NCF2
NP_000427,OXCT1
NP_000433,PECAM1
NP_000436,PLEC
NP_000437,PON1
NP_000445,SOD1
NP_000453,UBE3A
NP_000467,AK1
NP_000468,ALB
NP_000469,ALPL
NP_000473,APOA4
NP_000474,APOC4-APOC2
NP_000476,APRT
NP_000479,SERPINC1
NP_000482,C1QB
NP_000496,F12
NP_000497,F2
NP_000499,FGA
NP_000503,GALNS
NP_000509,HBB
NP_000510,HBD
NP_000511,HEXA
NP_000512,HEXB
NP_000517,KRT14
NP_000523,PCCB
NP_000535,TAP2
NP_000543,VWF
NP_000549,HBA1
NP_000550,HBG1
NP_000552,GSTM1
NP_000553,C8A
NP_000558,CRP
NP_000572,GPX1
NP_000574,GC
NP_000578,C7
NP_000582,CD14
NP_000584,TAP1
NP_000588,IGFBP2
NP_000597,C8G
NP_000598,ORM1
NP_000599,ORM2
NP_000604,HPX
NP_000623,ITGAM
NP_000628,GSR
NP_000629,VTN
NP_000633,AGL
NP_000657,ACY1
NP_000658,ADH1A
NP_000659,ADH1B
NP_000660,ADH1C
NP_000662,ADH5
NP_000678,AHCY
NP_000680,ALDH1A1
NP_000681,ALDH2
NP_000683,ALDH1B1
NP_000684,ALDH1A3
NP_000687,ALDH9A1
NP_000689,ALOX5
NP_000691,ANXA1
NP_000693,ATP1A2
NP_000695,ATP4A
NP_000700,BCKDHA
NP_000703,BLVRA
NP_000704,BLVRB
NP_000705,TSPO
NP_000706,C4BPA
NP_000777,CYP51A1
NP_000779,DCK
NP_000792,FKBP1A
NP_000793,FOLR1
NP_000810,GART
NP_000837,GSTA2
NP_000839,GSTM2
NP_000840,GSTM3
NP_000841,GSTM4
NP_000842,GSTM5
NP_000843,GSTP1
NP_000844,GSTT1
NP_000867,IGF2R
NP_000875,IMPDH2
NP_000878,ITGAX
NP_000883,KLKB1
NP_000886,LTA4H
NP_000889,MAOB
NP_000908,P4HA1
NP_000909,P4HB
NP_000916,PDHB
NP_000923,PLCB3
NP_000928,POLR2A
NP_000929,POLR2B
NP_000932,POR
NP_000933,PPIB
NP_000934,PPIC
NP_000952,PTGIS
NP_000959,RPL4
NP_000962,RPL7
NP_000963,RPL7A
NP_000967,RPL12
NP_000968,RPL13
NP_000970,RPL18
NP_000974,RPL22
NP_000975,RPL23A
NP_000978,RPL26
NP_000981,RPL27A
NP_000982,RPL28
NP_000993,RPLP0
NP_000995,RPLP2
NP_000997,RPS3A
NP_000998,RPS4X
NP_000999,RPS4Y1
NP_001001,RPS6
NP_001001329,PRKCSH
NP_001001331,ATP2B2
NP_001001389,CD44
NP_001001396,ATP2B4
NP_001001520,
NP_001001522,TAGLN
NP_001001563,TIMM50
NP_001001790,TOMM5
NP_001001795,C8orf82
NP_001001936,AFAP1L2
NP_001001973,ATP5C1
NP_001001998,EXOSC10
NP_001002001,GMPR2
NP_001002010,NT5C3A
NP_001002020,PUS1
NP_001002029,C4B
NP_001002257,LCLAT1
NP_001002811,PDE4DIP
NP_001003,RPS8
NP_001003395,TPD52L1
NP_001003703,ATP5J
NP_001003810,HNRNPD
NP_001004019,FBLN2
NP_001004067,NOMO3
NP_001004720,NCK2
NP_001005242,PKP2
NP_001005273,CHD3
NP_001005336,DNM1
NP_001005360,DNM2
NP_001005361,DNM2
NP_001005362,DNM2
NP_001005369,MTIF2
NP_001005464,HIST2H3A
NP_001005731,ITGB4
NP_001005751,FAM21A
NP_001006,RPS11
NP_001006666,RPS6KA1
NP_001007,RPS12
NP_001007069,SDCBP
NP_001007071,SDCBP
NP_001007226,IGF2BP2
NP_001007469,SMARCB1
NP_001007562,IRGQ
NP_001008,RPS13
NP_001008216,COA5
NP_001008274,TAGLN3
NP_001008389,CISD2
NP_001008391,CGGBP1
NP_001008398,GPX8
NP_001008493,ENAH
NP_001008662,CCBL2
NP_001008895,CUL4A
NP_001008938,CKAP5
NP_001010867,IBA57
NP_001011553,7-Sep
NP_001011725,HNRNPA1L2
NP_001012632,CTBP1
NP_001012997,TCEAL5
NP_001013,RPS19
NP_001013269,SLC3A2
NP_001013685,PTRHD1
NP_001013865,SLTM
NP_001014432,AKT1
NP_001014436,DBNL
NP_001014437,CARS
NP_001014446,OCIAD2
NP_001014839,NCDN
NP_001015001,CKMT1A
NP_001015049,BAG5
NP_001015055,RTKN
NP_001015877,PHF6
NP_001017392,SUGP2
NP_001017402,LAMB3
NP_001017408,GOPC
NP_001017915,INPP5D
NP_001017928,CCDC58
NP_001017957,OS9
NP_001017974,P4HA2
NP_001017992,ACTBL2
NP_001017995,SH3PXD2B
NP_001018006,TPM1
NP_001018007,TPM1
NP_001018008,TPM1
NP_001018077,SERBP1
NP_001018080,CORO1B
NP_001018146,NME2
NP_001018169,NAE1
NP_001018494,PUM1
NP_001019389,GPHN
NP_001019553,HMBS
NP_001019636,SOD2
NP_001019820,CANX
NP_001019833,RPL6
NP_001020029,SPTB
NP_001020119,FNBP1L
NP_001020262,ABCF1
NP_001020268,PSMA8
NP_001020330,CD74
NP_001020331,CD97
NP_001020374,U2AF1
NP_001020376,AP2M1
NP_001020419,DUT
NP_001020424,TPD52
NP_001020471,RAB12
NP_001020604,NQO1
NP_001020766,ARFIP1
NP_001021,RPS27
NP_001024,RRM1
NP_001025030,KCTD21
NP_001025173,GRB7
NP_001025226,ARHGAP5
NP_001026853,IFIT3
NP_001026859,PLAA
NP_001026881,ERGIC1
NP_001026887,CRELD1
NP_001026897,MRI1
NP_001026971,LIMK2
NP_001026973,LLGL2
NP_001026976,ALDH3A2
NP_001027005,PHKB
NP_001027454,TMPO
NP_001027455,TMPO
NP_001027466,SERPING1
NP_001027565,HNRNPH2
NP_001028228,GLUL
NP_001028721,BABAM1
NP_001028755,ACOT9
NP_001028886,NOP2
NP_001029097,TIAL1
NP_001029345,ALDH1L2
NP_001030127,SORBS1
NP_001030128,SORBS1
NP_001030168,RPL14
NP_001032238,ACOT1
NP_001032242,FOXK1
NP_001032354,GGPS1
NP_001032405,STAU1
NP_001032410,CYFIP2
NP_001032726,BTF3
NP_001034230,TRIOBP
NP_001034271,BOLA2B
NP_001034438,EFEMP1
NP_001034558,MARK2
NP_001034579,CD151
NP_001034680,USP9X
NP_001034702,IAH1
NP_001034937,GPX4
NP_001035095,TCERG1
NP_001035202,MYH11
NP_001035207,ARAP1
NP_001035225,ACTR3B
NP_001035248,H2AFY
NP_001035526,YARS2
NP_001035536,MTMR12
NP_001035720,NCALD
NP_001035806,PC
NP_001035808,GDAP1
NP_001035809,ABCE1
NP_001035810,G6PD
NP_001035830,PGP
NP_001035879,PSPC1
NP_001035905,CAST
NP_001035930,PSAP
NP_001035934,SUMF2
NP_001035937,ABHD12
NP_001035965,DEFA1B
NP_001035995,
NP_001036016,SMC2
NP_001036024,EIF4G2
NP_001036069,
NP_001036144,RHOC
NP_001036150,LGALS9B
NP_001036199,SEC24B
NP_001036215,STAG2
NP_001036817,TPM3
NP_001037,SLC12A2
NP_001041683,SCYL1
NP_001054,TF
NP_001055,TKT
NP_001058,TOP2A
NP_001060,TUBB2A
NP_001061,TUBG1
NP_001069,VCAM1
NP_001070654,MYH14
NP_001070667,SREK1
NP_001070676,SEC31A
NP_001070707,RNF214
NP_001070865,IRF2BP2
NP_001070908,BCLAF1
NP_001070910,HNRNPC
NP_001070911,HNRNPC
NP_001070957,GNAS
NP_001070961,
NP_001070962,NFKB2
NP_001070991,
NP_001071,ALDH5A1
NP_001071638,RGPD2
NP_001073027,HNRNPUL2
NP_001073272,GAA
NP_001073279,GLB1
NP_001073286,ITGA6
NP_001073308,OCIAD1
NP_001073311,OCIAD1
NP_001073331,DBI
NP_001073341,CUL4B
NP_001073350,PRKD2
NP_001073860,SP100
NP_001073867,KIAA0368
NP_001073884,U2SURP
NP_001073901,FTO
NP_001073936,MYO5B
NP_001074002,UNC119B
NP_001074248,MYO1C
NP_001074324,PXN
NP_001074419,MYO1C
NP_001075,PLOD3
NP_001075019,THOC2
NP_001076,SERPINA3
NP_001077395,ASRGL1
NP_001078,AAMP
NP_001078880,NADK2
NP_001078896,ARSA
NP_001078930,CTNND1
NP_001078934,CTNND1
NP_001087,ACLY
NP_001089,ACO2
NP_001091,ACTA1
NP_001091676,HNRNPF
NP_001091868,COPA
NP_001091974,DDX17
NP_001091987,CADM1
NP_001091990,HTATIP2
NP_001092,ACTB
NP_001092004,BAG6
NP_001092104,RBM47
NP_001092755,PTMA
NP_001093,ACTN1
NP_001093162,EIF5AL1
NP_001093206,CKMT2
NP_001093241,POTEF
NP_001093251,GGT5
NP_001093639,IMMT
NP_001093640,IMMT
NP_001093869,PDS5A
NP_001093894,SPATS2L
NP_001093897,RAP1GDS1
NP_001094,ACTN2
NP_001094096,ERLIN1
NP_001095,ACTN3
NP_001095132,NRD1
NP_001095838,C14orf159
NP_001095867,HNRNPR
NP_001095868,HNRNPR
NP_001095886,KNG1
NP_001096045,SNX18
NP_001098,ACYP1
NP_001098677,LAMA4
NP_001098684,ASH2L
NP_001099011,NEFM
NP_001099040,NUDT19
NP_001101,ADAM10
NP_001102,ADAR
NP_001104026,FLNA
NP_001104547,EZR
NP_001104567,LYN
NP_001106678,TSTD1
NP_001106963,9-Sep
NP_001106965,9-Sep
NP_001107008,FOLR2
NP_001107019,LIMA1
NP_001107565,LSM14A
NP_001107579,PDLIM3
NP_001108224,CD55
NP_001108603,C6
NP_001113,PLIN2
NP_001116293,SET
NP_001116298,ESRP1
NP_001116428,DBNL
NP_001116436,SMEK2
NP_001116540,PPIAL4G
NP_001116849,PARK7
NP_001117,ADSS
NP_001118,AP1B1
NP_001118228,PABPC1L
NP_001119,AP1G1
NP_001119527,CASK
NP_001120,AEBP1
NP_001120675,PCID2
NP_001120683,KIAA1598
NP_001120686,ACSF3
NP_001120699,CD59
NP_001120792,UBAP2L
NP_001120868,STXBP2
NP_001120920,ABAT
NP_001120963,ITGB2
NP_001121100,FBP1
NP_001121139,GSN
NP_001121167,CTSA
NP_001121179,SERPINA1
NP_001121190,LAMA3
NP_001121620,TFRC
NP_001121689,PSIP1
NP_001122083,
NP_001122103,DCAKD
NP_001122326,SRRT
NP_001122384,PCBP2
NP_001122385,PCBP2
NP_001122386,PCBP2
NP_001122390,MARK3
NP_001123237,NSDHL
NP_001123476,ACTN1
NP_001123478,GSPT1
NP_001123484,SLC9A3R2
NP_001123492,ATP6V0A1
NP_001123514,CRYZ
NP_001123519,TBCEL
NP_001123525,EEF1D
NP_001123528,EEF1D
NP_001123551,MOV10
NP_001123612,ERAP2
NP_001123616,LTBP3
NP_001123617,YAP1
NP_001123910,SPTAN1
NP_001124,AFM
NP_001124000,SPAG9
NP_001124146,CALU
NP_001124150,EIF4E
NP_001124163,PPP3CA
NP_001124296,SUPT5H
NP_001124384,SUGT1
NP_001124437,SUN1
NP_001124438,TBXAS1
NP_001124458,DYSF
NP_001127703,NT5DC2
NP_001127836,MAP4
NP_001127949,PARN
NP_001127958,GBP5
NP_001128410,FIP1L1
NP_001128567,FNDC3B
NP_001128661,AGFG1
NP_001128680,FKBP2
NP_001128714,NDRG1
NP_001128715,TCOF1
NP_001128716,TCOF1
NP_001129101,PPP1R21
NP_001129125,PABPC4
NP_001129166,VDAC3
NP_001129201,TOM1
NP_001129206,ZNF384
NP_001129243,RPN2
NP_001129294,FDPS
NP_001129407,POSTN
NP_001129408,POSTN
NP_001129497,PLS3
NP_001129505,PUF60
NP_001129522,DHRS1
NP_001129663,KANK2
NP_001129673,ISOC2
NP_001129675,CCDC124
NP_001129676,RCC2
NP_001130013,APOL1
NP_001131022,LRRFIP1
NP_001131025,LRRFIP1
NP_001132940,TBL1X
NP_001132982,ECHDC1
NP_001135827,NIF3L1
NP_001135887,AIMP1
NP_001135916,EDC3
NP_001136018,LUZP1
NP_001136037,CPSF7
NP_001136067,P4HA1
NP_001136100,SEC61A2
NP_001136147,CHID1
NP_001136150,ANO6
NP_001136402,API5
NP_001137151,GSTK1
NP_001137325,WIBG
NP_001137474,CTPS2
NP_001137484,TMX2
NP_001138231,PHLDB1
NP_001138349,SCAI
NP_001138360,BAIAP2
NP_001138417,MYL12B
NP_001138632,TPM4
NP_001138881,NONO
NP_001138888,TMEM205
NP_001138983,NFIA
NP_001138985,SCRN1
NP_001138993,RAI14
NP_001139019,RBM17
NP_001139139,GLG1
NP_001139142,SORBS2
NP_001139143,SORBS2
NP_001139147,SORBS2
NP_001139443,RDH13
NP_001139528,MBOAT7
NP_001139541,MFSD10
NP_001139574,PARP9
NP_001139580,PTGR1
NP_001139627,PTGR2
NP_001139628,GSK3B
NP_001139653,
NP_001139686,TBC1D15
NP_001139698,KRT72
NP_001139730,PIP4K2C
NP_001139786,ABHD14B
NP_001141,ANPEP
NP_001142,SLC25A4
NP_001143,SLC25A5
NP_001145,ANXA5
NP_001146,ANXA6
NP_001147,ANXA7
NP_001148,ANXA11
NP_001152,NUDT2
NP_001152862,GUK1
NP_001153171,FHL1
NP_001153566,ACOT13
NP_001153705,ATP1A1
NP_001154482,ARMC10
NP_001154485,ARMC10
NP_001154876,LIMS2
NP_001155059,GYS1
NP_001155291,MYO1B
NP_001155901,PDCD6IP
NP_001155971,CAND2
NP_001156008,RBMXL1
NP_001156363,
NP_001156752,HTATSF1
NP_001156758,EWSR1
NP_001157289,DHCR7
NP_001157412,PYGL
NP_001157471,MECOM
NP_001157617,CHAMP1
NP_001157633,PPP6R3
NP_001157789,FLNB
NP_001157940,TMED7-TICAM2
NP_001158188,PYGM
NP_001158191,TGFB1I1
NP_001158287,ACIN1
NP_001158884,NFKB1
NP_001158886,LDHA
NP_001158887,LDHA
NP_001159392,SERPINF2
NP_001159477,EPB41
NP_001159491,AP1B1
NP_001159580,PALLD
NP_001159582,PALLD
NP_001159586,PNPLA6
NP_001159681,SYNPO
NP_001159709,GSDMD
NP_001159738,LTBP1
NP_001159831,SHMT2
NP_001159921,ITIH4
NP_001159923,KNG1
NP_001159968,SLC16A1
NP_001160096,CFHR3
NP_001160158,PFKM
NP_001162582,SCO2
NP_001163887,TJP2
NP_001164006,ATAD3A
NP_001164014,PGAM5
NP_001164015,PGAM5
NP_001164108,SRGAP2
NP_001164120,LAS1L
NP_001164633,ZMYM3
NP_001165282,GBA
NP_001165462,HCCS
NP_001165604,HCK
NP_001165783,PLS1
NP_001165906,RAB3GAP1
NP_001165948,RRM2B
NP_001166,ARHGDIB
NP_001166094,NEO1
NP_001166110,CELF1
NP_001166176,EIF4G2
NP_001166599,YTHDF2
NP_001166902,OBSL1
NP_001166995,TROVE2
NP_001167638,SYK
NP_001167639,SYK
NP_001170785,RRAS2
NP_001170826,MSLN
NP_001171062,PPP2R2A
NP_001171115,DAG1
NP_001171136,RIF1
NP_001171470,SLC34A2
NP_001171501,SF1
NP_001171517,MX1
NP_001171550,STAT6
NP_001171562,BCAT1
NP_001171564,BCAT1
NP_001171578,ZNF185
NP_001171579,ZNF185
NP_001171597,IGLL5
NP_001171649,GYG1
NP_001171657,PIGT
NP_001171712,VDAC2
NP_001171715,PARD3
NP_001171722,PARD3
NP_001171725,ESYT1
NP_001171752,VDAC2
NP_001171846,PCYT2
NP_001171899,PACSIN2
NP_001171900,PACSIN2
NP_001172004,FMR1
NP_001172011,FMR1
NP_001172014,ATP12A
NP_001172023,NIT1
NP_001176,AZGP1
NP_001177371,CAST
NP_001177387,DOCK8
NP_001177725,NCK1
NP_001177765,DCTN1
NP_001177990,SLC25A22
NP_001180236,SAMD9
NP_001180413,LIMS1
NP_001180414,LIMS1
NP_001180449,RASAL1
NP_001180450,RASAL1
NP_001180486,ENY2
NP_001181,BCAT2
NP_001181884,MATR3
NP_001182257,RAB9A
NP_001182375,SRSF7
NP_001182447,MICU1
NP_001182461,SPTAN1
NP_001182485,CLINT1
NP_001184222,DPYSL2
NP_001184223,DPYSL3
NP_001185688,LY75-CD302
NP_001185845,PPFIBP1
NP_001185987,C15orf38-AP3S2
NP_001186040,MDH1
NP_001186092,PSMC5
NP_001186191,UCHL5
NP_001186220,HSD17B4
NP_001186317,EPB41L2
NP_001186385,BRD2
NP_001186793,BCL2L2-PABPN1
NP_001186822,ACTG2
NP_001188292,HMGN3
NP_001188306,ALDH7A1
NP_001188408,CORO7-PAM16
NP_001189472,CUX1
NP_001189474,CUX1
NP_001191080,MBD1
NP_001191215,MUC1
NP_001191316,DLG1
NP_001191333,ANK3
NP_001191397,RBM10
NP_001191890,PBX1
NP_001193469,CAPZB
NP_001193470,CAPZB
NP_001193496,IFI16
NP_001193725,PKM
NP_001193937,MLLT4
NP_001193973,CLASP2
NP_001193980,CLASP1
NP_001193996,BZW1
NP_001203,C1QBP
NP_001210,CALU
NP_001213,CAMK2G
NP_001214,CASP1
NP_001216,CASP4
NP_001217,CASP6
NP_001226,SERPINH1
NP_001227,CBR3
NP_001229305,GFAP
NP_001229687,HLA-A
NP_001229697,MTHFD1L
NP_001229810,CARKD
NP_001260,RCC1
NP_001264,CHD4
NP_001267,CHI3L1
NP_001271,CIRBP
NP_001272,TBCB
NP_001273,AP2B1
NP_001279,CLIC1
NP_001284,CLNS1A
NP_001290,CNN1
NP_001297,CLDN3
NP_001302,CRIP1
NP_001303,CRIP2
NP_001304,CRMP1
NP_001306,MAPK14
NP_001307,CSE1L
NP_001312,CSRP2
NP_001327,CTSZ
NP_001329,CXADR
NP_001334,DAB2
NP_001335,DAD1
NP_001340,DARS
NP_001341,DAXX
NP_001344,AKR1C1
NP_001346,DDT
NP_001347,DDX3X
NP_001348,DHX9
NP_001349,DHX15
NP_001350,DECR1
NP_001354,DKC1
NP_001366,DNASE2
NP_001367,DYNC1H1
NP_001370,DNMT1
NP_001371,DOCK1
NP_001389,ECH1
NP_001393,EEF1A1
NP_001395,EEF1G
NP_001399,CELSR2
NP_001403,EIF1AX
NP_001405,EIF2B1
NP_001406,EIF2S3
NP_001407,EIF4A1
NP_001408,EIF4B
NP_001410,ELAVL1
NP_001419,ENO1
NP_001422,EPB41L2
NP_001427,FBL
NP_001433,FABP4
NP_001435,FABP5
NP_001439,GPC4
NP_001441,FHL2
NP_001447,FLNA
NP_001449,FLNC
NP_001460,XRCC6
NP_001473,GATM
NP_001474,GBAS
NP_001484,GDI1
NP_001485,GDI2
NP_001489,GCLC
NP_001491,GMDS
NP_001505,GTF2B
NP_001518,HDAC2
NP_001524,HNRNPL
NP_001528,HSBP1
NP_001530,DNAJA1
NP_001531,HSPB1
NP_001538,IFIT2
NP_001539,IFIT1
NP_001544,IGFBP7
NP_001547,IKBKB
NP_001558,INPPL1
NP_001559,EIF3E
NP_001596,AARS
NP_001598,ACAA1
NP_001600,ACADSB
NP_001601,ACP2
NP_001604,ACTA2
NP_001605,ACTG1
NP_001609,PARP1
NP_001611,AHNAK
NP_001613,AHSG
NP_001614,AIF1
NP_001616,AK2
NP_001617,AKT2
NP_001618,ALCAM
NP_001619,AKR1B1
NP_001624,AMBP
NP_001627,SLC25A6
NP_001630,APCS
NP_001631,APEH
NP_001634,APOA2
NP_001636,APOC1
NP_001638,APOD
NP_001646,ARCN1
NP_001649,ARF1
NP_001650,ARF3
NP_001651,ARF4
NP_001655,RHOA
NP_001657,ARHGAP4
NP_001668,ATP1B1
NP_001670,ATP1B3
NP_001673,ATP2B1
NP_001675,ATP2B4
NP_001677,ATP5B
NP_001678,ATP5D
NP_001679,ATP5F1
NP_001681,ATP6V1A
NP_001683,ATP6V1B1
NP_001684,ATP6V1B2
NP_001686,ATP6V1C1
NP_001687,ATP6V1E1
NP_001688,ATP5O
NP_001701,CFB
NP_001702,BGN
NP_001715,BPGM
NP_001724,C1R
NP_001725,C1S
NP_001726,C5
NP_001728,C9
NP_001729,CA1
NP_001731,CALB2
NP_001738,CAPG
NP_001739,CAPN2
NP_001740,CAPNS1
NP_001743,CAT
NP_001744,CAV1
NP_001746,CBFB
NP_001747,SERPINA6
NP_001748,CBR1
NP_001753,CCT6A
NP_001760,CD9
NP_001766,CD38
NP_001767,ENTPD1
NP_001768,CD47
NP_001777,CDK1
NP_001779,7-Sep
NP_001782,CDC42
NP_001783,CDH2
NP_001788,CDH11
NP_001789,CDK2
NP_001805,CTSC
NP_001809,AKR1C4
NP_001814,CKB
NP_001824,CLTA
NP_001826,CLTCL1
NP_001830,CNN3
NP_001835,COL2A1
NP_001836,COL4A1
NP_001837,COL4A2
NP_001839,COL6A1
NP_001840,COL6A2
NP_001846,COL15A1
NP_001852,COX4I1
NP_001853,COX5B
NP_001854,COX6B1
NP_001856,COX7A2
NP_001858,COX7C
NP_001867,CPT1A
NP_001869,CRABP2
NP_001876,CRYAB
NP_001883,CSNK1A1
NP_001886,CSNK2A1
NP_001894,CTNNA1
NP_001895,CTNNB1
NP_001896,CTPS1
NP_001899,CTSB
NP_001900,CTSD
NP_001902,CTSG
NP_001903,CTSL
NP_001905,CYB5A
NP_001907,CYC1
NP_001909,DBT
NP_001910,ECI1
NP_001911,DCN
NP_001912,DCTD
NP_001914,DDB1
NP_001918,DES
NP_001921,DHPS
NP_001922,DLAT
NP_001924,DLST
NP_001928,DPT
NP_001934,DSG2
NP_001939,DUT
NP_001944,TYMP
NP_001950,EEF1B2
NP_001952,EEF2
NP_001957,EHHADH
NP_001958,EIF4A2
NP_001961,EIF5A
NP_001966,ENO2
NP_001972,EPS15
NP_001975,ESD
NP_001976,ETFB
NP_001979,EVPL
NP_001986,ACSL1
NP_001987,FBLN1
NP_001989,FBLN2
NP_001990,FBN2
NP_002003,FHIT
NP_002004,FKBP3
NP_002005,FKBP4
NP_002009,FLII
NP_002014,FMOD
NP_002018,FNTA
NP_002023,FTH1
NP_002035,GALK2
NP_002037,GAPDH
NP_002038,GARS
NP_002044,GBP1
NP_002047,GFPT1
NP_002052,GCLM
NP_002055,GLRX
NP_002060,GNAI1
NP_002061,GNAI2
NP_002063,GNAQ
NP_002065,GNB1
NP_002067,GNS
NP_002070,GOT1
NP_002071,GOT2
NP_002075,GPX3
NP_002077,GRB2
NP_002078,GRN
NP_002083,GRSF1
NP_002086,GTF2E2
NP_002100,HARS
NP_002104,CFHR1
NP_002107,HLA-A
NP_002108,HLA-C
NP_002112,HLA-DPB1
NP_002115,HLA-DRB1
NP_002116,HLA-DRB5
NP_002119,HMGB1
NP_002121,HMGCS1
NP_002125,HMOX2
NP_002130,RBMX
NP_002131,HNRNPK
NP_002145,HSPA4
NP_002146,HSPA6
NP_002148,HSPE1
NP_002151,TNC
NP_002159,IDH2
NP_002188,ACO1
NP_002195,ITGA3
NP_002196,ITGA5
NP_002201,ITGAV
NP_002202,ITGB1
NP_002204,ITGB5
NP_002206,ITIH1
NP_002207,ITIH2
NP_002208,ITIH3
NP_002209,ITIH4
NP_002214,ITPR2
NP_002215,ITPR3
NP_002216,IVD
NP_002221,JUP
NP_002254,KIFC1
NP_002255,KPNA1
NP_002256,KPNB1
NP_002257,KPNA2
NP_002259,KPNA4
NP_002260,KPNA5
NP_002262,IPO5
NP_002263,KRT4
NP_002264,KRT8
NP_002266,KRT15
NP_002267,KRT19
NP_002282,LAMB1
NP_002283,LAMB2
NP_002284,LAMC1
NP_002286,RPSA
NP_002287,LBR
NP_002289,LCP1
NP_002291,LDHB
NP_002296,LGALS1
NP_002297,LGALS3
NP_002299,LGALS9
NP_002304,ABLIM1
NP_002323,LRP1
NP_002328,LRPAP1
NP_002330,LSP1
NP_002331,LSS
NP_002334,LTF
NP_002336,LUM
NP_002341,LYN
NP_002344,TACSTD2
NP_002345,EPCAM
NP_002346,M6PR
NP_002347,MARCKS
NP_002363,MAN2A1
NP_002365,MAP2
NP_002366,MAP4
NP_002371,MATN2
NP_002379,MCM3
NP_002382,MDK
NP_002386,ME1
NP_002387,ME2
NP_002389,MEIS1
NP_002406,MIF
NP_002408,MKI67
NP_002423,MNDA
NP_002426,MPI
NP_002427,MPP1
NP_002428,MPV17
NP_002433,MSI1
NP_002435,MSN
NP_002442,MTAP
NP_002446,MTX1
NP_002452,MVD
NP_002454,MX2
NP_002464,MYH9
NP_002465,MYH11
NP_002466,MYL6B
NP_002471,PPP1R12A
NP_002473,NASP
NP_002476,NBN
NP_002477,NCBP1
NP_002480,NDUFA4
NP_002481,NDUFA6
NP_002483,NDUFB5
NP_002486,NDUFS4
NP_002487,NDUFS8
NP_002492,NFIX
NP_002499,NID1
NP_002501,GPNMB
NP_002504,NME3
NP_002511,NPM1
NP_002515,NRAS
NP_002517,NT5E
NP_002525,OAS1
NP_002532,OGDH
NP_002547,OSBP
NP_002558,PEBP1
NP_002559,PABPC1
NP_002563,PAFAH1B2
NP_002564,PAFAH1B3
NP_002565,PRDX1
NP_002567,PAK1
NP_002568,PAK2
NP_002569,PAK3
NP_002574,PAWR
NP_002577,PBX2
NP_002582,PCK1
NP_002583,PCNA
NP_002584,PCOLCE
NP_002601,PDK1
NP_002606,SERPINF1
NP_002615,PFDN5
NP_002617,PFKL
NP_002618,PFKP
NP_002619,PFN2
NP_002620,PGAM1
NP_002622,PGD
NP_002624,PGM1
NP_002625,PHB
NP_002626,SLC25A3
NP_002631,SERPINB8
NP_002645,PKM
NP_002652,PLCG2
NP_002655,PLEK
NP_002678,PNN
NP_002681,POLB
NP_002694,PPAT
NP_002695,PPBP
NP_002696,PPL
NP_002699,PPP1CA
NP_002700,PPP1CB
NP_002701,PPP1CC
NP_002703,PPP1R7
NP_002711,PPP4C
NP_002716,PRELP
NP_002717,PREP
NP_002721,PRKACA
NP_002722,PRKACB
NP_002724,PRKAG1
NP_002725,PRKAR1A
NP_002727,PRKAR2B
NP_002728,PRKCA
NP_002731,PRKCI
NP_002734,PRKCSH
NP_002737,MAPK3
NP_002745,MAPK13
NP_002746,MAP2K1
NP_002750,EIF2AK2
NP_002755,PRPS1
NP_002756,PRPS2
NP_002762,PRSS3
NP_002766,HTRA1
NP_002768,PRTN3
NP_002769,PSAP
NP_002777,PSMA1
NP_002779,PSMA3
NP_002781,PSMA5
NP_002783,PSMA7
NP_002787,PSMB4
NP_002788,PSMB5
NP_002789,PSMB6
NP_002790,PSMB7
NP_002791,PSMB9
NP_002792,PSMB10
NP_002793,PSMC1
NP_002794,PSMC2
NP_002795,PSMC3
NP_002798,PSMD1
NP_002799,PSMD2
NP_002801,PSMD4
NP_002804,PSMD9
NP_002805,PSMD10
NP_002806,PSMD11
NP_002808,PSMD13
NP_002809,PSME2
NP_002810,PTBP1
NP_002812,PTK7
NP_002815,PTMS
NP_002817,QSOX1
NP_002818,PTPN1
NP_002822,PTPN6
NP_002825,PTPN11
NP_002826,PTPN12
NP_002830,PTPRD
NP_002832,PTPRG
NP_002849,ABCD3
NP_002851,ALDH18A1
NP_002853,PYGB
NP_002855,PZP
NP_002856,RAB2A
NP_002863,RAC2
NP_002865,RAD23B
NP_002873,RANBP1
NP_002875,RAP1A
NP_002877,RAP2B
NP_002884,RBBP7
NP_002887,RBM4
NP_002888,RBMS1
NP_002889,RBMS2
NP_002890,RBP1
NP_002892,RCN1
NP_002893,RCN2
NP_002895,NELFE
NP_002897,RDX
NP_002901,RENBP
NP_002902,UPF1
NP_002906,RFC3
NP_002907,RFC4
NP_002922,RING1
NP_002936,RPA1
NP_002937,RPA2
NP_002938,RPA3
NP_002940,MRPL12
NP_002941,RPN1
NP_002942,RPN2
NP_002943,RPS2
NP_002950,SORT1
NP_002955,S100A8
NP_002956,S100A9
NP_002957,S100A10
NP_002970,SCP2
NP_002991,SDHB
NP_002992,SDHC
NP_003002,SET
NP_003007,SRSF2
NP_003012,SGTA
NP_003013,SH3BGRL
NP_003016,SH3GL1
NP_003020,SHC1
NP_003031,SLC4A2
NP_003055,SLPI
NP_003060,SMARCA1
NP_003062,HLTF
NP_003065,SMARCC1
NP_003066,SMARCC2
NP_003067,SMARCD1
NP_003078,SNCG
NP_003079,FSCN1
NP_003081,SNRPA1
NP_003083,SNRPB2
NP_003090,SNX1
NP_003091,SNX2
NP_003095,SORD
NP_003096,SORL1
NP_003109,SPARC
NP_003110,SPG7
NP_003115,SPR
NP_003117,SPTA1
NP_003118,SPTAN1
NP_003119,SPTBN1
NP_003121,SRI
NP_003123,SRM
NP_003124,SRP9
NP_003125,SRP14
NP_003126,SRP19
NP_003127,SRP54
NP_003130,SRPR
NP_003132,TRIM21
NP_003133,SSB
NP_003134,SSBP1
NP_003135,SSR1
NP_003137,SSRP1
NP_003141,STAT3
NP_003143,STAT5A
NP_003147,STIM1
NP_003162,SUPV3L1
NP_003165,SVIL
NP_003174,ADAM17
NP_003183,TBCC
NP_003189,TCEB3
NP_003192,TFAM
NP_003237,THBS1
NP_003238,THBS2
NP_003240,THOP1
NP_003243,TIAL1
NP_003245,TIMP1
NP_003246,TIMP2
NP_003248,TJP1
NP_003256,TLR3
NP_003266,TMOD1
NP_003267,TMPO
NP_003269,CLEC3B
NP_003277,TOP1
NP_003279,TPD52L2
NP_003280,TPM2
NP_003281,TPM4
NP_003282,TPP2
NP_003283,TPR
NP_003286,TPT1
NP_003290,HSP90B1
NP_003293,TRIP6
NP_003303,TST
NP_003304,TSTA3
NP_003305,TTC1
NP_003306,DNAJC7
NP_003312,TUFM
NP_003320,TXN
NP_003321,TXNRD1
NP_003325,UBA1
NP_003326,UBA7
NP_003330,UBE2D2
NP_003335,UBE2H
NP_003336,UBE2I
NP_003338,UBE2L3
NP_003339,UBE2N
NP_003341,UBE2V2
NP_003343,SUMO1
NP_003350,UGDH
NP_003356,UQCRC1
NP_003357,UQCRC2
NP_003361,VASP
NP_003363,VBP1
NP_003364,VCL
NP_003365,VDAC1
NP_003371,VIM
NP_003375,VRK1
NP_003391,XPO1
NP_003394,YY1
NP_003395,YWHAB
NP_003396,YWHAH
NP_003397,YWHAZ
NP_003448,ZNF207
NP_003452,ZYX
NP_003457,PAX8
NP_003461,USP7
NP_003463,DEK
NP_003468,PDHX
NP_003469,CUL5
NP_003472,USP5
NP_003474,HMGA2
NP_003482,NAA10
NP_003484,HIST3H3
NP_003526,HIST1H3J
NP_003553,SLC25A11
NP_003555,TAGLN2
NP_003557,EEA1
NP_003560,STX7
NP_003565,VAPA
NP_003567,STK24
NP_003581,CUL3
NP_003582,CUL2
NP_003583,CUL1
NP_003592,SMARCA5
NP_003598,CDC42BPA
NP_003604,CILP
NP_003612,PPFIBP2
NP_003613,PPFIBP1
NP_003615,RANBP3
NP_003619,PKP4
NP_003625,NIPSNAP1
NP_003631,IKBKAP
NP_003633,HAT1
NP_003650,AGPS
NP_003653,PIR
NP_003655,AP3B1
NP_003668,DENR
NP_003671,YARS
NP_003672,PDXK
NP_003674,RRP1
NP_003676,KHSRP
NP_003678,PDLIM4
NP_003680,AKR7A2
NP_003681,PRKRA
NP_003696,SLC25A12
NP_003698,RUVBL1
NP_003701,SPINT1
NP_003706,USO1
NP_003720,RTCA
NP_003721,RNASET2
NP_003725,AOC3
NP_003730,AKR1C3
NP_003735,NUMB
NP_003741,EIF3A
NP_003742,EIF3B
NP_003743,EIF3C
NP_003744,EIF3D
NP_003745,EIF3F
NP_003746,EIF3G
NP_003747,EIF3H
NP_003749,EIF3J
NP_003752,VAMP8
NP_003759,PEA15
NP_003760,SRSF9
NP_003783,EDF1
NP_003785,SNX4
NP_003786,SNX3
NP_003790,RNMT
NP_003809,CDS2
NP_003810,PABPC4
NP_003816,SNAP23
NP_003817,NAPG
NP_003818,NAPA
NP_003837,PEX11B
NP_003839,SUCLG2
NP_003840,SUCLG1
NP_003841,SUCLA2
NP_003850,DPM1
NP_003851,BANF1
NP_003861,IQGAP1
NP_003866,GMPS
NP_003869,GGH
NP_003881,FCGBP
NP_003890,ARHGEF7
NP_003891,SQSTM1
NP_003892,SGPL1
NP_003893,FUBP1
NP_003899,EIF2S2
NP_003900,CPNE3
NP_003901,BUD31
NP_003904,PRPF4B
NP_003917,
NP_003923,ST13
NP_003925,FUBP3
NP_003928,KYNU
NP_003929,AP3D1
NP_003931,USP13
NP_003935,SELENBP1
NP_003959,UBA3
NP_003960,UBE2M
NP_003968,AIP
NP_003971,MAP7
NP_003989,NFKB1
NP_004026,ACOX1
NP_004028,AMPD2
NP_004030,ANXA2
NP_004031,RHOB
NP_004035,ATIC
NP_004036,ATOX1
NP_004037,ATP5A1
NP_004039,B2M
NP_004046,CAPN5
NP_004049,CAPS
NP_004060,AP2S1
NP_004068,CS
NP_004069,CSRP1
NP_004070,CTSS
NP_004076,TIMM8A
NP_004078,DLG1
NP_004081,DUSP3
NP_004083,ECHS1
NP_004085,EIF2S1
NP_004090,STOM
NP_004093,FABP3
NP_004095,FASN
NP_004097,FCER1G
NP_004100,FDX1
NP_004102,FEN1
NP_004108,FKBP5
NP_004111,GBP2
NP_004115,GMFB
NP_004125,HSPA9
NP_004126,IDH3G
NP_004130,LBP
NP_004137,NDUFB7
NP_004138,DRG1
NP_004146,SERPINB9
NP_004148,PRKAR2A
NP_004159,SDHA
NP_004172,UCHL1
NP_004183,ASMTL
NP_004184,GBF1
NP_004198,SLC16A3
NP_004199,AIFM1
NP_004209,RAB11B
NP_004214,UBE2L6
NP_004227,COPS2
NP_004228,TRIP13
NP_004229,TRIP12
NP_004231,TRIP10
NP_004235,CD163
NP_004238,EFTUD2
NP_004243,SLC9A3R1
NP_004252,
NP_004270,PMPCB
NP_004271,EEF1E1
NP_004273,BAG2
NP_004274,RAB3D
NP_004276,H6PD
NP_004277,GTPBP1
NP_004290,ABCB7
NP_004291,ACP1
NP_004292,ACTL6A
NP_004299,ARHGAP1
NP_004300,ARHGDIA
NP_004302,ARL3
NP_004308,ASNA1
NP_004309,ASPH
NP_004311,ATP2A1
NP_004312,KIF1A
NP_004315,BAX
NP_004319,BCS1L
NP_004323,BPHL
NP_004325,BST1
NP_004326,BST2
NP_004332,CAD
NP_004334,CALR
NP_004335,CETN2
NP_004346,CD74
NP_004347,CD81
NP_004351,CDH1
NP_004353,CLGN
NP_004359,CNN2
NP_004360,COL6A3
NP_004361,COL12A1
NP_004362,COPA
NP_004365,COX6C
NP_004369,CRABP1
NP_004374,CSK
NP_004376,VCAN
NP_004380,CTNNA2
NP_004386,DBN1
NP_004387,DDX5
NP_004388,DDX6
NP_004392,DFFA
NP_004394,DFNA5
NP_004395,2-Sep
NP_004406,DSP
NP_004416,ECM1
NP_004437,EPRS
NP_004444,ETFDH
NP_004449,ACSL4
NP_004451,FAP
NP_004452,FARSA
NP_004453,FDFT1
NP_004459,FHL3
NP_004466,FLOT2
NP_004468,FRG1
NP_004472,GALNT2
NP_004473,GALNT3
NP_004474,GCSH
NP_004477,GOLGA2
NP_004482,ARHGAP35
NP_004484,HSD17B10
NP_004485,HDGF
NP_004490,HNRNPAB
NP_004492,HNRNPU
NP_004499,IDI1
NP_004506,ILF2
NP_004507,ILF3
NP_004508,ILK
NP_004511,KIF2A
NP_004512,KIF5B
NP_004514,KIF11
NP_004517,MCM2
NP_004521,MMP2
NP_004528,NAP1L1
NP_004530,NARS
NP_004535,NDUFA10
NP_004538,NDUFB4
NP_004539,NDUFB10
NP_004542,NDUFS3
NP_004543,NDUFS5
NP_004554,PCK2
NP_004556,PEX14
NP_004559,SERPINB6
NP_004565,4-Sep
NP_004569,RAB4A
NP_004572,RABGGTA
NP_004577,RPS6KA3
NP_004578,RRBP1
NP_004580,SCO1
NP_004586,SMS
NP_004587,SNRPA
NP_004598,TBCA
NP_004604,TGM2
NP_004613,TSN
NP_004619,XPC
NP_004623,DAP3
NP_004628,RAB7A
NP_004631,DDX39B
NP_004634,PABPN1
NP_004640,C21orf33
NP_004645,USP9Y
NP_004648,SDPR
NP_004652,CDC23
NP_004654,RAB11A
NP_004661,PAPSS2
NP_004679,NMI
NP_004680,MTA1
NP_004682,ATP6V0D1
NP_004684,KRT75
NP_004688,PRPF4
NP_004689,PRPF3
NP_004690,FAM50A
NP_004695,RRP9
NP_004699,PDCD5
NP_004704,NEMF
NP_004714,ARHGEF2
NP_004716,BUB3
NP_004719,DDX21
NP_004721,ETF1
NP_004724,SLC33A1
NP_004727,XPR1
NP_004729,VAPB
NP_004730,MTA2
NP_004732,NOLC1
NP_004740,TBRG4
NP_004757,COPB2
NP_004773,SNAP29
NP_004777,TXNL1
NP_004779,UBE4A
NP_004783,PPIG
NP_004784,LONP1
NP_004802,LPXN
NP_004809,DDX23
NP_004810,SYMPK
NP_004823,GSTO1
NP_004831,ARHGEF6
NP_004841,ROCK2
NP_004850,CLTC
NP_004851,FXR2
NP_004857,SCAMP1
NP_004860,VPS4B
NP_004868,GMFG
NP_004879,ATP6V1G1
NP_004887,VPS26A
NP_004888,MINPP1
NP_004893,RBM39
NP_004896,PRDX6
NP_004902,PDIA4
NP_004915,ACTN4
NP_004918,MRPL49
NP_004921,CAPZB
NP_004923,CDH6
NP_004926,CDK5
NP_004930,DDX1
NP_004936,DNM2
NP_004937,DOCK2
NP_004946,SLC29A1
NP_004949,MTOR
NP_004951,FUS
NP_004955,HDAC1
NP_004960,IDE
NP_004976,KRAS
NP_004981,MARS
NP_004982,MECOM
NP_004983,MECP2
NP_004986,MMP14
NP_004989,MYO1E
NP_004990,MYO6
NP_004991,NDUFA5
NP_004992,NDUFA7
NP_004993,NDUFA9
NP_004994,NDUFAB1
NP_004996,NDUFB9
NP_004997,NDUFS1
NP_004999,NHP2L1
NP_005004,NUCB2
NP_005008,PCYT1A
NP_005013,PFN1
NP_005024,EXOSC9
NP_005029,PPID
NP_005031,PRCP
NP_005038,PSMD5
NP_005040,PWP2
NP_005042,QARS
NP_005043,RAC3
NP_005044,RAD23A
NP_005056,SEL1L
NP_005057,SFPQ
NP_005073,TRIM25
NP_005078,FXR1
NP_005086,ZMYM4
NP_005091,AKAP12
NP_005092,ISG15
NP_005100,OXSR1
NP_005104,GOLGA5
NP_005110,THRAP3
NP_005115,NUP153
NP_005116,CCS
NP_005122,THOC1
NP_005125,PPP4R1
NP_005130,ANXA3
NP_005132,FGB
NP_005134,HP
NP_005138,DNAJA3
NP_005142,USP14
NP_005144,USP10
NP_005156,ALDOC
NP_005164,ATP2A3
NP_005168,ATP6V0A1
NP_005177,CAPN1
NP_005197,CRK
NP_005198,CRKL
NP_005207,DDOST
NP_005208,DEFA3
NP_005210,DIAPH1
NP_005222,CTTN
NP_005239,FGR
NP_005246,GAK
NP_005262,GLUD1
NP_005266,GNL1
NP_005304,PDIA3
NP_005309,H1F0
NP_005310,HIST1H1C
NP_005311,HIST1H1D
NP_005312,HIST1H1E
NP_005313,HIST1H1B
NP_005314,HIST1H1T
NP_005315,H3F3B
NP_005316,HIST1H1A
NP_005317,HAGH
NP_005318,HADH
NP_005321,HBE1
NP_005323,HBZ
NP_005325,HCFC1
NP_005326,HCLS1
NP_005327,HDLBP
NP_005329,HIP1
NP_005330,UBE2K
NP_005331,HINT1
NP_005333,HMGB3
NP_005337,HSPA1B
NP_005338,HSPA5
NP_005339,HSP90AA1
NP_005349,LMO7
NP_005370,MYO1A
NP_005372,NCL
NP_005388,PODXL
NP_005393,RALA
NP_005397,ROCK1
NP_005408,SRC
NP_005410,STAT2
NP_005419,VAV1
NP_005424,YES1
NP_005427,CCDC6
NP_005434,PAPSS1
NP_005436,SMC3
NP_005442,PDLIM7
NP_005462,GNPDA1
NP_005479,TOM1
NP_005487,SMC4
NP_005489,AP1M2
NP_005490,UBA2
NP_005491,SAE1
NP_005497,SCARB2
NP_005498,CFL1
NP_005505,HLA-B
NP_005507,HLA-E
NP_005508,HMGN2
NP_005511,HNRNPH1
NP_005518,HSPA1L
NP_005520,HSPG2
NP_005521,IDH3A
NP_005522,IFI16
NP_005524,IFI35
NP_005527,IMPA1
NP_005536,ISLR
NP_005539,KARS
NP_005545,KRT6A
NP_005547,KRT7
NP_005548,KRT16
NP_005549,LAD1
NP_005551,LAMA5
NP_005552,LAMP1
NP_005553,LAMC2
NP_005554,STMN1
NP_005555,LCN2
NP_005558,LGALS3BP
NP_005561,LMAN1
NP_005563,LMNA
NP_005564,LMNB1
NP_005566,LNPEP
NP_005569,LPP
NP_005572,BCAM
NP_005580,ALDH6A1
NP_005582,MRE11A
NP_005585,
NP_005597,LGMN
NP_005601,RBBP4
NP_005605,RHEB
NP_005611,S100A11
NP_005617,SRSF4
NP_005619,SLC1A5
NP_005629,VAMP7
NP_005639,TCEB1
NP_005648,TP53BP1
NP_005650,UFD1L
NP_005653,VDAC3
NP_005654,NELFA
NP_005657,CFHR2
NP_005660,REEP5
NP_005678,FARSB
NP_005681,DNM1L
NP_005685,COX17
NP_005697,TSSC4
NP_005699,GPC6
NP_005704,COL4A3BP
NP_005707,GIPC1
NP_005708,ARPC5
NP_005709,ARPC4
NP_005710,
NP_005711,ARPC1B
NP_005712,ACTR3
NP_005713,ACTR2
NP_005717,TSFM
NP_005720,PPIF
NP_005722,ARPC2
NP_005723,RAD50
NP_005726,ACTR1B
NP_005727,ACTR1A
NP_005733,PDIA6
NP_005735,ARIH1
NP_005736,BCAP31
NP_005737,NAMPT
NP_005745,G3BP1
NP_005753,TRIM28
NP_005757,FARP1
NP_005766,SORBS3
NP_005768,RBM6
NP_005773,ALYREF
NP_005782,MPHOSPH10
NP_005787,NUTF2
NP_005794,FLOT1
NP_005795,DDX39A
NP_005796,PSMD14
NP_005800,PRDX2
NP_005808,PLIN3
NP_005819,DCAF7
NP_005821,MRPS31
NP_005830,SRRM1
NP_005836,ABCC4
NP_005848,ZMPSTE24
NP_005849,AKAP8
NP_005850,PURA
NP_005852,STUB1
NP_005853,STAG1
NP_005862,SMNDC1
NP_005866,EIF1B
NP_005871,DNAJA2
NP_005872,BCKDK
NP_005875,PAK4
NP_005882,ACAT2
NP_005883,FMNL1
NP_005886,GOLGA3
NP_005887,IDH1
NP_005900,MAP1B
NP_005902,MAT2A
NP_005906,MCM6
NP_005907,MCM7
NP_005909,MDH2
NP_005919,MFGE8
NP_005920,MFI2
NP_005923,MIPEP
NP_005941,MT1G
NP_005942,MT1H
NP_005943,MT1X
NP_005944,MT2A
NP_005947,MTHFD1
NP_005955,MYH10
NP_005959,HNRNPM
NP_005960,NAP1L4
NP_005969,S100A2
NP_005970,S100A13
NP_005975,SLC25A1
NP_005981,STK10
NP_005984,TBCD
NP_005989,CCT3
NP_005990,TSNAX
NP_005991,TUBA4A
NP_005994,UQCRFS1
NP_005995,UQCRH
NP_006001,MANF
NP_006003,CLPP
NP_006006,ARID1A
NP_006010,TCIRG1
NP_006017,H1FX
NP_006026,CDC42BPB
NP_006030,MRC2
NP_006046,LANCL1
NP_006053,SMYD5
NP_006055,RRAGB
NP_006057,AKR1A1
NP_006061,TFG
NP_006065,TRIM22
NP_006073,TUBA1B
NP_006074,IK
NP_006075,IRF9
NP_006076,BPNT1
NP_006078,TUBB4A
NP_006079,TUBB4B
NP_006088,MYL9
NP_006098,LUC7L3
NP_006099,SPON1
NP_006100,PRMT5
NP_006101,CD2BP2
NP_006102,ACAA2
NP_006103,PPIE
NP_006105,TOMM40
NP_006108,ECI2
NP_006112,KRT1
NP_006126,CAPZA1
NP_006127,CAPZA2
NP_006132,DYNC1LI2
NP_006133,SFN
NP_006136,DNAJB1
NP_006139,LASP1
NP_006144,NCK1
NP_006157,NFYB
NP_006160,NNMT
NP_006169,NSF
NP_006175,NUCB1
NP_006176,NUMA1
NP_006178,OAS3
NP_006182,PA2G4
NP_006187,PCBP1
NP_006188,PCM1
NP_006199,ENPP1
NP_006206,SERPINA4
NP_006212,PIN1
NP_006215,PITPNA
NP_006218,PLTP
NP_006221,POLD2
NP_006223,POLR2H
NP_006232,PPP1R2
NP_006234,PPP2R5A
NP_006236,PPP2R5D
NP_006238,PPP5C
NP_006242,PRKAA1
NP_006251,DNAJC3
NP_006253,PRPH
NP_006254,PSME1
NP_006256,RAD21
NP_006258,RANBP2
NP_006259,DPF2
NP_006261,RRAS
NP_006262,S100A1
NP_006266,SRSF6
NP_006272,STK3
NP_006273,STK4
NP_006279,THY1
NP_006280,TLN1
NP_006282,TNFAIP2
NP_006286,VARS
NP_006288,XRCC1
NP_006293,MOGS
NP_006294,AIMP2
NP_006296,ANP32A
NP_006297,SMC1A
NP_006301,NPEPPS
NP_006304,USP15
NP_006308,BASP1
NP_006310,CDIPT
NP_006311,PGRMC2
NP_006316,RAN
NP_006319,RBM14
NP_006320,FBLN5
NP_006321,LYPLA1
NP_006322,EMG1
NP_006323,IFI30
NP_006331,BAIAP2
NP_006336,SLC30A9
NP_006338,PPIH
NP_006339,COG5
NP_006342,TIMM44
NP_006344,HMGN4
NP_006347,ATP5H
NP_006351,EIF3M
NP_006353,NXF1
NP_006355,SEC23A
NP_006357,CAP2
NP_006358,CAP1
NP_006362,CRTAP
NP_006363,SYNCRIP
NP_006364,VAT1
NP_006375,CIB1
NP_006378,CHERP
NP_006380,HYOU1
NP_006381,IPO8
NP_006382,IPO7
NP_006383,NOP56
NP_006386,ATG7
NP_006392,ANP32B
NP_006396,TM9SF1
NP_006397,PRDX4
NP_006398,ARL6IP5
NP_006400,ARPC1A
NP_006406,SPTLC1
NP_006411,ARFGEF2
NP_006415,SLC34A2
NP_006420,CCT7
NP_006421,CCT4
NP_006422,CCT2
NP_006423,NPC2
NP_006425,SORBS1
NP_006428,PARP4
NP_006431,TXNRD2
NP_006434,DNPH1
NP_006436,PRPF8
NP_006442,PAIP1
NP_006443,PAICS
NP_006444,TBL3
NP_006448,PDLIM5
NP_006451,HEXIM1
NP_006454,STAMBP
NP_006455,TGOLN2
NP_006459,POLR3C
NP_006466,POSTN
NP_006467,ATP5L
NP_006477,FBLN1
NP_006487,GNAI3
NP_006491,MCAM
NP_006503,SAA4
NP_006504,SARS
NP_006507,SLC2A1
NP_006532,GLRX3
NP_006537,IGF2BP1
NP_006538,IGF2BP3
NP_006545,MTX2
NP_006546,YKT6
NP_006547,PMVK
NP_006549,KHDRBS3
NP_006550,KHDRBS1
NP_006551,CELF1
NP_006561,RRAGA
NP_006562,DCTN6
NP_006563,GNA13
NP_006576,CCT8
NP_006577,CNPY3
NP_006581,USP39
NP_006586,API5
NP_006588,HSPA8
NP_006589,SLC12A7
NP_006591,NUDC
NP_006592,PTGES3
NP_006594,STAG2
NP_006597,RBBP9
NP_006605,CHL1
NP_006608,NES
NP_006611,HBS1L
NP_006612,AHCYL1
NP_006614,PHGDH
NP_006627,MTHFD2
NP_006635,HSPH1
NP_006640,UTP14A
NP_006657,RUVBL2
NP_006658,PGRMC1
NP_006673,FGL2
NP_006694,NUDT3
NP_006695,SUGT1
NP_006699,GLO1
NP_006704,SUB1
NP_006706,MAN2C1
NP_006712,ADK
NP_006717,LRBA
NP_006730,MCM5
NP_006734,RBM3
NP_006735,RBP4
NP_006746,TALDO1
NP_006747,TCEA1
NP_006749,U2AF1
NP_006750,UGP2
NP_006752,YWHAE
NP_006764,DDX18
NP_006766,QKI
NP_006773,ZFPL1
NP_006775,WDR3
NP_006784,PRDX3
NP_006786,EHD1
NP_006787,AFG3L2
NP_006793,SF3A3
NP_006796,HNRNPA0
NP_006798,CBX1
NP_006799,SEC61B
NP_006800,TOMM34
NP_006801,PDIA5
NP_006803,OS9
NP_006806,TMED2
NP_006807,LMAN2
NP_006808,ERP29
NP_006810,STIP1
NP_006812,ACOT2
NP_006815,EBNA1BP2
NP_006816,CKAP4
NP_006817,YWHAQ
NP_006818,TMED10
NP_006819,ASCC3
NP_006820,ADIRF
NP_006823,FERMT2
NP_006827,GCN1L1
NP_006828,COPS5
NP_006829,METAP2
NP_006833,SF3B2
NP_006835,ILVBL
NP_006849,TMED1
NP_006852,RAB35
NP_006859,RAB31
NP_006868,GMPR
NP_008824,EIF2D
NP_008826,HNMT
NP_008830,IDH3B
NP_008835,PRKDC
NP_008838,PYCR1
NP_008839,RAC1
NP_008846,RP2
NP_008854,SDF2
NP_008855,SRSF1
NP_008856,SRSF5
NP_008860,SKIV2L
NP_008877,SPTBN2
NP_008878,SRP72
NP_008879,HSPA13
NP_008937,NUDT21
NP_008939,RTN4
NP_008941,DDX52
NP_008964,RER1
NP_008971,HNRNPUL1
NP_008977,EMILIN1
NP_008982,FAF1
NP_008986,POLR3A
NP_008993,PWP1
NP_008996,CDC37
NP_009005,CORO1A
NP_009028,CLTB
NP_009030,ACP1
NP_009031,ATP5I
NP_009034,NDUFV1
NP_009035,RPL10A
NP_009039,TCEB2
NP_009043,THBS3
NP_009055,UTRN
NP_009057,VCP
NP_009089,CSDE1
NP_009097,PICALM
NP_009106,ERLIN2
NP_009109,STRAP
NP_009114,PKP3
NP_009120,ABCF2
NP_009121,SEC23IP
NP_009123,SUPT16H
NP_009129,PROSC
NP_009131,AKAP13
NP_009145,SEC63
NP_009165,DCTN3
NP_009166,XPOT
NP_009173,DDX19B
NP_009176,ATXN2L
NP_009185,PNKP
NP_009191,LYPLA2
NP_009194,COPE
NP_009200,STXBP3
NP_009201,FKBP9
NP_009204,
NP_009207,CBX3
NP_009217,SYNPO
NP_009224,C4A
NP_009293,DIAPH2
NP_009330,STAT1
NP_015559,RANBP3
NP_015565,CYB5R3
NP_031372,OGFR
NP_031381,HSP90AB1
NP_031383,COG2
NP_031387,NID2
NP_031393,RALY
NP_031396,RFC5
NP_031397,BRD3
NP_031401,TARDBP
NP_036192,DNM1L
NP_036193,DNM1L
NP_036205,CCT5
NP_036212,HDHD1
NP_036216,GLUD2
NP_036218,GTF3C3
NP_036219,GTF3C5
NP_036220,PGLS
NP_036222,MACF1
NP_036226,PRDX5
NP_036227,AP3M1
NP_036228,APPL1
NP_036232,DNPEP
NP_036243,AHSA1
NP_036249,CBX5
NP_036252,CD2AP
NP_036253,CDC42EP4
NP_036256,CHORDC1
NP_036265,COPG2
NP_036269,DDAH1
NP_036272,SLC25A10
NP_036277,DTYMK
NP_036287,EML2
NP_036288,EPB41L1
NP_036313,FKBP8
NP_036329,RABGAP1
NP_036330,GCA
NP_036331,AGO1
NP_036335,GRHPR
NP_036339,HNRNPH3
NP_036340,HARS2
NP_036347,MGEA5
NP_036355,MYO1B
NP_036360,MSRB2
NP_036361,NT5C2
NP_036364,PTRF
NP_036373,SIRT5
NP_036379,SEPHS1
NP_036381,RHOQ
NP_036387,XRN2
NP_036399,HSPBP1
NP_036400,PLD3
NP_036419,ACAP2
NP_036425,PXDN
NP_036429,G3BP2
NP_036437,AP2A2
NP_036439,EPB41L3
NP_036448,KPNA6
NP_036450,LETM1
NP_036457,MAPRE1
NP_036463,MSRA
NP_036465,MYCBP
NP_036467,MYO1F
NP_036473,GTPBP4
NP_036475,NNT
NP_036515,OSTF1
NP_036524,PEF1
NP_036525,PFAS
NP_036531,PITPNB
NP_036533,PLXNB2
NP_036535,
NP_036548,RANBP6
NP_036552,IFIT5
NP_036555,RPL13A
NP_036557,RSU1
NP_036558,SF3B3
NP_036569,SNAPIN
NP_036580,STAT5B
NP_036585,TBL2
NP_036590,TIMM13
NP_036592,TIMM9
NP_036601,PRPF6
NP_036602,TNPO3
NP_036605,TXN2
NP_036610,WBP2
NP_036611,YWHAG
NP_037364,PDCD6
NP_037368,ATXN10
NP_037377,VPS4A
NP_037379,HTRA2
NP_037390,PYCARD
NP_037392,SAP30BP
NP_037415,MAT2B
NP_037417,GNL2
NP_037423,CPSF1
NP_037425,TRA2A
NP_037434,EEF2K
NP_037460,PYCR2
NP_037467,GMPPA
NP_037468,SEC61A1
NP_037470,ALG5
NP_037473,OLA1
NP_037478,SNX12
NP_037481,NENF
NP_037511,DPP7
NP_037518,SLC25A24
NP_037536,MSLN
NP_038203,IARS
NP_038470,STOML2
NP_038472,UBQLN2
NP_039234,CLIC4
NP_039268,DDAH2
NP_039269,LIG3
NP_054700,DDR1
NP_054722,DHX38
NP_054733,SNRNP200
NP_054735,SACM1L
NP_054736,LAMTOR2
NP_054742,WDR37
NP_054745,DCPS
NP_054749,GIT1
NP_054752,METTL7A
NP_054757,BZW2
NP_054758,C11orf54
NP_054762,CHMP2B
NP_054768,ACAD9
NP_054776,OGN
NP_054779,MCTS1
NP_054783,NTMT1
NP_054786,MACROD1
NP_054861,NUDT5
NP_054868,WDR91
NP_054880,MRPL18
NP_054884,NDUFAF4
NP_054888,CHMP4A
NP_054891,PHPT1
NP_054893,THYN1
NP_054894,MRPL15
NP_054902,DYNLRB1
NP_054903,CNIH4
NP_054908,ADD1
NP_055037,NDUFA8
NP_055040,PPP2R1A
NP_055045,SRP68
NP_055049,HSD17B8
NP_055050,UBL4A
NP_055051,GNPAT
NP_055054,EIF2B2
NP_055066,SLC25A13
NP_055075,PFDN6
NP_055077,LEPREL2
NP_055078,YME1L1
NP_055082,C11orf58
NP_055095,DNAJC8
NP_055096,PUF60
NP_055102,NOMO1
NP_055109,TRAM1
NP_055112,ETHE1
NP_055113,QPRT
NP_055118,PES1
NP_055121,RTCB
NP_055129,DDX58
NP_055131,CARHSP1
NP_055135,HEBP2
NP_055140,CORO1C
NP_055144,EDC4
NP_055156,MTCH1
NP_055157,MTCH2
NP_055177,HIBCH
NP_055182,FAM162A
NP_055186,AKAP8L
NP_055199,ACAD8
NP_055205,SND1
NP_055217,UQCRQ
NP_055223,TRAPPC3
NP_055227,CACYBP
NP_055241,SNX5
NP_055262,ARFIP1
NP_055289,SMPDL3B
NP_055313,GOLIM4
NP_055317,PRPF19
NP_055323,APOBEC3C
NP_055335,MYBBP1A
NP_055362,TMOD3
NP_055385,ARFGAP3
NP_055398,LMCD1
NP_055399,ERO1L
NP_055410,NT5C
NP_055412,DNTTIP2
NP_055415,EHD3
NP_055416,EHD2
NP_055427,FAM120A
NP_055428,FAF2
NP_055437,VWA5A
NP_055439,S100A6
NP_055448,CTR9
NP_055454,TTC37
NP_055464,SAFB2
NP_055481,CLINT1
NP_055484,NUP93
NP_055486,UBE3C
NP_055491,PUM1
NP_055521,SART3
NP_055535,SLK
NP_055545,MLEC
NP_055554,BCLAF1
NP_055557,TM9SF4
NP_055559,TBC1D5
NP_055567,SPCS2
NP_055577,DHCR24
NP_055578,MRPL19
NP_055595,CUL7
NP_055615,ELMO1
NP_055617,C2CD5
NP_055620,EPM2AIP1
NP_055627,CEP170
NP_055629,PSMD6
NP_055635,TOMM70A
NP_055637,SEC24D
NP_055638,WNK1
NP_055640,URB1
NP_055642,ZC3H11A
NP_055644,DDX46
NP_055647,TBC1D4
NP_055661,KIAA0196
NP_055662,UBAP2L
NP_055681,SEC16A
NP_055689,MFN2
NP_055693,KIAA0020
NP_055703,FAM3C
NP_055704,PITRM1
NP_055720,GLS
NP_055726,AAK1
NP_055738,FNDC3A
NP_055746,PPP6R1
NP_055751,ENPP4
NP_055791,PDCD11
NP_055814,RAB21
NP_055828,KDM1A
NP_055829,RBM34
NP_055839,XPO7
NP_055841,MON2
NP_055842,PDXDC1
NP_055847,PDS5B
NP_055848,FNBP1
NP_055851,ENDOD1
NP_055858,TBC1D9B
NP_055862,EMC1
NP_055866,ERP44
NP_055870,SWAP70
NP_055871,RRP1B
NP_055873,VWA8
NP_055874,TLN2
NP_055902,SPG20
NP_055912,CLASP2
NP_055928,ZZEF1
NP_055949,MPRIP
NP_055950,NUP205
NP_055951,STAB1
NP_055953,RTF1
NP_055955,TTLL12
NP_055956,GPD1L
NP_055958,METAP1
NP_055961,8-Sep
NP_055968,PHF3
NP_055969,MESDC2
NP_055970,LARP4B
NP_055971,RCOR1
NP_055975,PMPCA
NP_055976,ARL6IP1
NP_055983,ZC3H4
NP_055984,RRS1
NP_055995,SYNE2
NP_056004,EXOC6B
NP_056005,DNAJC9
NP_056009,MYO1D
NP_056016,BOP1
NP_056034,EXOC7
NP_056044,CLUH
NP_056046,NUP160
NP_056060,ANKS1A
NP_056069,KIF13B
NP_056083,DNAJC13
NP_056097,CLASP1
NP_056107,ESYT1
NP_056110,SMCHD1
NP_056121,USP24
NP_056130,LARP1
NP_056132,PUM2
NP_056134,TENC1
NP_056138,UFL1
NP_056143,AHCYL2
NP_056147,NUDCD3
NP_056154,ADNP
NP_056155,LARS2
NP_056167,POFUT1
NP_056171,SCRIB
NP_056174,SLC39A14
NP_056175,SKIV2L2
NP_056182,BCL2L13
NP_056189,SUN2
NP_056195,SAMM50
NP_056201,COG4
NP_056226,SUMF2
NP_056234,MXRA5
NP_056238,AASDHPPT
NP_056255,MTHFD1L
NP_056263,DPCD
NP_056271,NELFB
NP_056274,ATL3
NP_056277,NOL11
NP_056280,GEMIN5
NP_056281,PTPN23
NP_056289,SAMHD1
NP_056292,SIN3A
NP_056312,TMEM87A
NP_056330,KRT23
NP_056338,REXO2
NP_056342,TBC1D10B
NP_056348,DAK
NP_056350,SPATS2L
NP_056372,CHD5
NP_056414,PGM3
NP_056416,HERC4
NP_056417,TOR1AIP1
NP_056450,GAPVD1
NP_056455,SERBP1
NP_056456,TES
NP_056461,RAP1B
NP_056464,IRF2BP1
NP_056473,NOC2L
NP_056474,RSL1D1
NP_056480,AAAS
NP_056493,NBEA
NP_056511,GPX7
NP_056515,NFU1
NP_056516,ERLEC1
NP_056541,DCAF8
NP_056651,WARS2
NP_056656,ADAR
NP_056667,LMO7
NP_056972,HOOK1
NP_056988,EIF5B
NP_056990,TRIM33
NP_056991,LAP3
NP_056993,NBAS
NP_056997,TXNDC12
NP_057004,RPS27L
NP_057005,CUTA
NP_057018,NOP58
NP_057023,TRMT6
NP_057025,ATP6V1H
NP_057037,NOSIP
NP_057038,DERA
NP_057039,MEMO1
NP_057041,APIP
NP_057048,TPPP3
NP_057049,NDUFA13
NP_057050,ERGIC3
NP_057053,MRPS17
NP_057055,MRPS7
NP_057058,CRYL1
NP_057068,UCHL5
NP_057071,HEBP1
NP_057075,C1QA
NP_057085,UTP18
NP_057086,SCCPDH
NP_057093,SH3GLB1
NP_057103,C7orf55-LUC7L2
NP_057110,RDH11
NP_057111,LACTB2
NP_057113,DHRS7
NP_057117,RMDN1
NP_057122,SBDS
NP_057123,C14orf166
NP_057124,TMED5
NP_057128,FAHD2A
NP_057131,SF3B6
NP_057132,ISOC1
NP_057134,MRPL11
NP_057143,PPIL1
NP_057152,FIS1
NP_057154,MRPS23
NP_057159,VPS36
NP_057161,PTRH2
NP_057164,GLOD4
NP_057175,EIF3L
NP_057177,RPL26L1
NP_057185,NIP7
NP_057190,SCFD1
NP_057191,ZFR
NP_057202,NUB1
NP_057212,COPG1
NP_057213,COPS4
NP_057216,MYEF2
NP_057223,CHCHD2
NP_057225,DYNC1LI1
NP_057226,HSD17B12
NP_057227,NSFL1C
NP_057231,PPME1
NP_057260,SDF4
NP_057267,MRTO4
NP_057283,LSM7
NP_057291,CPSF3
NP_057292,VPS28
NP_057300,DBR1
NP_057308,SNX9
NP_057310,VPS29
NP_057322,ANAPC7
NP_057327,CYB5R1
NP_057329,HSD17B11
NP_057336,BIRC6
NP_057365,TAOK3
NP_057366,AK3
NP_057370,DCXR
NP_057371,HP1BP3
NP_057373,CAB39
NP_057376,TRAP1
NP_057377,BIN2
NP_057381,PCYOX1
NP_057383,HSPA14
NP_057390,DNAJB11
NP_057392,CMPK1
NP_057393,LCMT1
NP_057395,ATPIF1
NP_057396,WBP11
NP_057404,NUP98
NP_057406,RAB14
NP_057417,SRRM2
NP_057421,EVL
NP_057439,DDX47
NP_057441,LIMA1
NP_057452,ISYNA1
NP_057460,ANKFY1
NP_057479,PTPLAD1
NP_057488,TRMT112
NP_057490,UFC1
NP_057491,RTFDC1
NP_057494,CHMP5
NP_057501,GLRX5
NP_057512,ABI3
NP_057517,GLTP
NP_057526,ERAP1
NP_057535,COPB1
NP_057568,PDZD11
NP_057569,VTA1
NP_057575,MRPL37
NP_057584,PBDC1
NP_057594,SCLY
NP_057651,BCCIP
NP_057654,ERGIC2
NP_057661,RAB6B
NP_057662,RSF1
NP_057678,FKBP11
NP_057688,KDM3B
NP_057691,ARMCX3
NP_057701,UFM1
NP_057707,FAM49B
NP_057714,SPG21
NP_057731,THEM6
NP_057732,LARP7
NP_057736,CRNKL1
NP_057951,RALY
NP_058132,OAS1
NP_058197,OAS2
NP_058431,CRK
NP_058432,ADD3
NP_058520,RBMS1
NP_058626,STX18
NP_058634,EFEMP2
NP_058642,F11R
NP_059119,GALNT7
NP_059133,CPSF2
NP_059142,MRPL39
NP_059348,STAU1
NP_059447,MVP
NP_059453,MFAP2
NP_059672,MARK2
NP_059830,WDR1
NP_059980,TMED9
NP_060017,FOXRED1
NP_060018,CDV3
NP_060024,PARP14
NP_060026,FBLIM1
NP_060037,NAGK
NP_060040,OPLAH
NP_060082,ZCCHC8
NP_060085,NSMCE4A
NP_060090,ILF3
NP_060101,DDX60
NP_060102,CDKN2AIP
NP_060110,LRRC16A
NP_060117,FTSJ3
NP_060130,GATAD2A
NP_060137,CCDC132
NP_060140,OTUB1
NP_060141,FERMT1
NP_060150,ASPN
NP_060154,VPS13C
NP_060167,ESRP1
NP_060191,CC2D1A
NP_060192,TRMT1
NP_060194,LRRFIP2
NP_060197,TMEM214
NP_060206,THUMPD1
NP_060216,TEX10
NP_060220,RETSAT
NP_060225,NSUN2
NP_060238,LRRC40
NP_060272,HEATR2
NP_060277,OSGEP
NP_060282,CHCHD3
NP_060286,LYAR
NP_060289,TRMT10C
NP_060293,DUSP23
NP_060295,ADPRHL2
NP_060297,SARS2
NP_060308,NHP2
NP_060318,FAM120C
NP_060327,SSH3
NP_060337,C4orf27
NP_060362,PRPF40A
NP_060365,DDX27
NP_060368,2-Mar
NP_060377,LAMTOR1
NP_060391,NPLOC4
NP_060401,TTC38
NP_060404,PHIP
NP_060414,USP47
NP_060458,SCYL2
NP_060460,PDPR
NP_060473,UACA
NP_060481,ARGLU1
NP_060496,PACS1
NP_060502,LUC7L
NP_060504,WDR70
NP_060515,BSDC1
NP_060518,MAGOHB
NP_060522,VAC14
NP_060524,ARHGAP17
NP_060530,IARS2
NP_060537,MAP7D1
NP_060542,HEATR1
NP_060547,RBM28
NP_060555,IPO9
NP_060561,ELP3
NP_060564,GSPT2
NP_060566,NLE1
NP_060579,MTPAP
NP_060585,SDAD1
NP_060587,WDR11
NP_060590,ARMC1
NP_060592,DARS2
NP_060596,TMEM33
NP_060599,PNPO
NP_060615,RMDN3
NP_060631,NADSYN1
NP_060640,RPRD1A
NP_060641,APPL2
NP_060644,MAP1S
NP_060648,GOLPH3L
NP_060649,ATF7IP
NP_060666,TMLHE
NP_060668,DNAJC11
NP_060671,TBC1D13
NP_060676,VPS35
NP_060680,CARKD
NP_060682,ENAH
NP_060684,LRRC1
NP_060686,PANK4
NP_060692,PARVA
NP_060697,UBA6
NP_060700,NUP133
NP_060702,
NP_060705,CNDP2
NP_060707,CCAR1
NP_060708,AGK
NP_060713,11-Sep
NP_060715,OGDHL
NP_060716,CCDC25
NP_060724,RCOR3
NP_060739,ADI1
NP_060754,GBP3
NP_060760,PGM2
NP_060788,CCDC91
NP_060796,GIMAP4
NP_060802,DDX19A
NP_060810,CPPED1
NP_060828,ABCF3
NP_060830,TXLNG
NP_060831,AGPAT5
NP_060832,LIN7C
NP_060851,C19orf66
NP_060857,STRBP
NP_060864,ABHD10
NP_060895,PI4K2A
NP_060914,PDP1
NP_060918,CAND1
NP_060919,UBAP2
NP_060931,PPP2R2D
NP_060934,CISD1
NP_060941,ZC3H15
NP_060947,ACTR10
NP_060952,ASAP1
NP_060979,LRRC59
NP_061092,PARL
NP_061119,H2AFY2
NP_061141,UNC45A
NP_061147,ACSS2
NP_061153,RNF114
NP_061156,CMAS
NP_061161,FAM114A2
NP_061165,ERBB2IP
NP_061167,LANCL2
NP_061176,DHTKD1
NP_061326,NDUFA12
NP_061329,GNG12
NP_061332,BCAP29
NP_061485,RAC1
NP_061816,TUBA8
NP_061819,NANS
NP_061820,CYCS
NP_061830,SH3BP1
NP_061854,DNAJC10
NP_061862,RBM27
NP_061882,TOLLIP
NP_061883,KRT20
NP_061885,PLEKHA5
NP_061895,TMX3
NP_061899,TMCO1
NP_061902,CPVL
NP_061903,DHX29
NP_061915,PUS7
NP_061924,MRPL50
NP_061936,EML4
NP_061955,DDX56
NP_061978,TNXB
NP_061980,C19orf10
NP_061982,ALG1
NP_061984,HLA-DRA
NP_061989,UBFD1
NP_062427,S100A4
NP_062535,YLPM1
NP_062536,KIAA1217
NP_062538,RNF20
NP_062547,SUSD2
NP_062555,CPXM1
NP_063937,GSK3A
NP_063940,DIABLO
NP_063968,ADD3
NP_064502,LARS
NP_064504,ZC3HAV1
NP_064505,UGGT1
NP_064520,WRNIP1
NP_064524,BDH2
NP_064530,SH3GLB2
NP_064551,MCCC1
NP_064554,LXN
NP_064555,NCLN
NP_064575,OLFML3
NP_064576,MRPS22
NP_064580,SDR39U1
NP_064583,CCDC47
NP_064587,NIT2
NP_064601,RNPEP
NP_064621,MRPL1
NP_064628,TOMM22
NP_064632,ADCK3
NP_064647,ARRB1
NP_064708,COQ9
NP_064709,CIAPIN1
NP_065068,VANGL2
NP_065069,RALGAPB
NP_065080,LZTFL1
NP_065084,COL8A1
NP_065090,PCNP
NP_065095,PITHD1
NP_065098,EIF2B3
NP_065108,C12orf5
NP_065116,XPNPEP1
NP_065134,NUP107
NP_065142,MRPL47
NP_065143,ATP13A1
NP_065145,CHMP1B
NP_065147,DDX24
NP_065161,SLC44A2
NP_065173,PTGFRN
NP_065207,GALNT1
NP_065385,PBXIP1
NP_065392,APMAP
NP_065393,RTN4
NP_065691,DCUN1D1
NP_065701,RCN3
NP_065723,S100A14
NP_065724,RAB22A
NP_065750,GATAD2B
NP_065757,SCAF4
NP_065761,LRRC47
NP_065777,NLN
NP_065779,ESYT2
NP_065795,MTA3
NP_065796,AARS2
NP_065797,MAVS
NP_065801,XPO5
NP_065816,UBR4
NP_065821,CGN
NP_065823,NUFIP2
NP_065843,NCEH1
NP_065881,WDFY1
NP_065905,KIAA1468
NP_065916,DHX36
NP_065956,RDH14
NP_065965,
NP_066005,RNF213
NP_066012,METTL14
NP_066018,NCOA5
NP_066022,SPTBN4
NP_066267,ANK3
NP_066272,PDLIM1
NP_066275,HPR
NP_066284,DHRS4
NP_066299,MYL6
NP_066361,RAP2A
NP_066552,NDUFV2
NP_066554,NEFH
NP_066565,NMT1
NP_066923,NFS1
NP_066925,SPINT2
NP_066932,TMSB4X
NP_066933,COL14A1
NP_066949,MPST
NP_066952,PPA1
NP_066953,PPIA
NP_066964,XRCC5
NP_066967,PSIP1
NP_066972,COTL1
NP_066979,TMX4
NP_066983,ABHD16A
NP_066997,CCAR2
NP_067006,RAP2C
NP_067022,SQRDL
NP_067026,SRPRB
NP_067027,ENOPH1
NP_067038,RPRD1B
NP_067045,PRUNE
NP_067058,EPS15L1
NP_067062,RBM25
NP_067075,RAB18
NP_067639,SCPEP1
NP_067643,PDLIM2
NP_067653,C12orf10
NP_068375,VPS11
NP_068506,SVIL
NP_068579,EXOC4
NP_068593,MRPS35
NP_068597,CCDC90B
NP_068656,FGG
NP_068747,SPCS3
NP_068751,RIC8A
NP_068756,EEFSEC
NP_068758,FKBP10
NP_068768,ATP2B3
NP_068805,LAMTOR3
NP_068806,GMPPB
NP_068810,RELA
NP_068815,OPTN
NP_071327,SDF2L1
NP_071330,DEF6
NP_071334,EGLN1
NP_071349,UBE2O
NP_071387,PCIF1
NP_071401,RBM26
NP_071409,LHPP
NP_071413,GOLPH3
NP_071415,MCCC2
NP_071441,FN3K
NP_071496,EIF4H
NP_071505,TIA1
NP_071738,GLIPR2
NP_071751,LEPRE1
NP_071757,MMS19
NP_071896,NOC3L
NP_071908,NXN
NP_071909,SIL1
NP_071933,ATG3
NP_071934,INF2
NP_071942,MRPS25
NP_072049,HLA-DRB3
NP_072097,VPS16
NP_072174,TNS1
NP_073568,NUCKS1
NP_073570,SMAP2
NP_073581,C16orf58
NP_073582,ATPAF1
NP_073583,1-Mar
NP_073585,TNS3
NP_073591,SFXN1
NP_073605,RBM15
NP_073609,EPS8L2
NP_073620,DEPTOR
NP_073713,CTBP2
NP_073744,FAM129B
NP_073745,VWA1
NP_074036,CBFB
NP_075067,VPS33A
NP_075068,NOL6
NP_075384,KRI1
NP_075385,MARCKSL1
NP_075391,INTS3
NP_075565,COA7
NP_075566,PYCRL
NP_075567,UBE2Z
NP_076916,CDK11A
NP_076943,C19orf43
NP_076950,DDX50
NP_076956,GGCT
NP_076962,NUP37
NP_076965,AHNAK
NP_076970,PDCL3
NP_076971,ERI3
NP_076977,DDX54
NP_076997,TMEM109
NP_077001,DCTPP1
NP_077005,WDR18
NP_077007,WDR77
NP_077284,DHRS11
NP_077297,RBM42
NP_077305,EFHD2
NP_077306,SLC27A3
NP_077310,TMEM43
NP_077315,THOC6
NP_077718,NDUFS7
NP_077728,FDXR
NP_077740,DSC2
NP_078772,IRF2BPL
NP_078789,FYCO1
NP_078796,C2orf47
NP_078805,CDC73
NP_078813,CARS2
NP_078816,MRPL24
NP_078836,ACSS3
NP_078856,EFTUD1
NP_078894,NLRX1
NP_078895,FN3KRP
NP_078930,NOL9
NP_078932,COLGALT1
NP_078934,IPO4
NP_078938,NAT10
NP_078939,NPEPL1
NP_078940,PPCS
NP_078941,TBL1XR1
NP_078954,NARS2
NP_078960,AAMDC
NP_078966,MUC16
NP_078969,ECHDC3
NP_078994,RABL6
NP_079005,MYH14
NP_079010,CLMN
NP_079079,TUBAL3
NP_079093,THSD4
NP_079094,UBA5
NP_079106,LPCAT1
NP_079110,MCMBP
NP_079114,THNSL1
NP_079160,L2HGDH
NP_079170,NOL10
NP_079172,ERMP1
NP_079199,NUP210
NP_079229,NAA25
NP_079272,GFM1
NP_079291,HSPA12A
NP_079348,PTGES2
NP_079406,HKDC1
NP_079412,OPA3
NP_079422,NAA50
NP_079425,ACSF2
NP_079426,TARS2
NP_079428,NUBPL
NP_079434,RUFY1
NP_079472,GRPEL1
NP_079477,PLEKHO2
NP_079478,EFHD1
NP_079495,DNAJC5
NP_079498,WDR82
NP_079532,EHMT2
NP_085056,CYB5B
NP_085059,COL18A1
NP_085072,MATN2
NP_085153,KIAA1715
NP_109587,MAP2K2
NP_109589,PTER
NP_109591,SERPINB1
NP_110379,TCP1
NP_110382,TMX1
NP_110395,ILKAP
NP_110409,CLPTM1L
NP_110414,CFHR5
NP_110416,HM13
NP_110424,FAM49A
NP_110426,YIPF5
NP_110432,LMAN2L
NP_110437,TXNDC5
NP_110517,CTNNBL1
NP_112092,APOL2
NP_112179,FIP1L1
NP_112182,ANP32E
NP_112187,CAB39L
NP_112189,TSPAN14
NP_112196,TRMT1L
NP_112233,SFXN3
NP_112240,ARPC5L
NP_112420,HNRNPA1
NP_112485,FAHD1
NP_112487,SLIRP
NP_112496,HDHD3
NP_112533,HNRNPA2B1
NP_112556,HNRNPAB
NP_112570,MRPS15
NP_112574,ADPGK
NP_112576,SH3BGRL3
NP_112577,SF3B5
NP_112581,SLC25A31
NP_112598,EPPK1
NP_112738,HNRNPD
NP_112740,HNRNPDL
NP_113584,HUWE1
NP_113608,MRPL9
NP_113614,AIF1L
NP_113619,COG3
NP_113638,C11orf68
NP_113671,ITCH
NP_113673,GRWD1
NP_113680,RBM4B
NP_114032,HNRNPU
NP_114098,SH3KBP1
NP_114108,MRPS5
NP_114127,ATAD3B
NP_114140,RAB34
NP_114141,HMCN1
NP_114368,PTBP1
NP_114402,NDRG3
NP_114409,FUCA2
NP_114414,EIF2A
NP_114415,TATDN1
NP_114437,EMILIN2
NP_114443,PCDHGA5
NP_115285,SRSF8
NP_115497,MAGT1
NP_115498,DTNBP1
NP_115500,HDHD2
NP_115551,UTP15
NP_115570,RPF2
NP_115612,USP48
NP_115649,TMEM126A
NP_115664,FYTTD1
NP_115679,HSDL2
NP_115683,C9orf64
NP_115687,POLDIP3
NP_115690,COQ5
NP_115700,NTPCR
NP_115706,CAPNS2
NP_115709,FAM213A
NP_115717,DDI2
NP_115719,CHCHD6
NP_115727,MRPL45
NP_115729,VPS25
NP_115737,THOC3
NP_115742,C16orf13
NP_115744,LZIC
NP_115765,ARFGAP2
NP_115784,BAZ1B
NP_115786,HOOK3
NP_115796,PCDH1
NP_115810,ZNF512
NP_115823,FBN3
NP_115826,MROH1
NP_115866,MRPL41
NP_115879,C14orf142
NP_115882,AP1M1
NP_115890,ACSS1
NP_115910,PARD6B
NP_115914,TUBB6
NP_115939,AFAP1L2
NP_115949,
NP_115958,GLYR1
NP_115982,HINT2
NP_116093,TUBA1C
NP_116116,INA
NP_116120,TXNDC17
NP_116126,LMNB2
NP_116147,PHF5A
NP_116172,CBR4
NP_116178,PARP10
NP_116199,ATAD1
NP_116201,PLXDC2
NP_116211,FAM136A
NP_116219,CIRH1A
NP_116235,RAB2B
NP_116243,CORO6
NP_116246,LACTB
NP_116258,NUDCD1
NP_116559,RECQL
NP_116781,SEC23B
NP_116786,CASP3
NP_127460,GAR1
NP_127494,GTF2I
NP_148980,TRIM33
NP_149033,
NP_149043,MYO1G
NP_149061,CECR5
NP_149062,SYNE1
NP_149078,ALG2
NP_149094,RHPN2
NP_149100,PNPT1
NP_149107,NEK9
NP_149124,CNP
NP_149129,CALD1
NP_149130,CALD1
NP_149131,CALD1
NP_149351,SURF4
NP_149975,PIGS
NP_149977,LMF2
NP_150093,PURB
NP_150241,PML
NP_150243,PML
NP_150253,PML
NP_150597,MRPS36
NP_203125,CASP7
NP_203524,KRAS
NP_203754,TNKS1BP1
NP_212132,DOCK7
NP_258411,TRIM47
NP_258412,ITPA
NP_277028,
NP_277032,HK1
NP_277047,TSPYL5
NP_277050,ARHGAP18
NP_284941,MFN1
NP_291028,TP53RK
NP_291032,HLA-DPA1
NP_296373,FBXO21
NP_426359,CDC42
NP_438172,WDR5
NP_443097,MGME1
NP_443107,VPS26B
NP_443108,NACC1
NP_443121,CARD16
NP_443122,PGLYRP2
NP_443137,FMNL2
NP_443173,GBP4
NP_443195,TOP1MT
NP_443198,FAM129A
NP_443204,LRG1
NP_443739,ENO3
NP_444252,PFN2
NP_444253,MYLK
NP_444256,MYLK
NP_476429,KRT3
NP_476507,COL6A3
NP_476510,GIT2
NP_476516,NAA15
NP_477352,PI4KA
NP_478054,COL6A2
NP_478059,PSAT1
NP_490597,BRD4
NP_490647,DNAJB6
NP_510868,BCCIP
NP_524147,MYL6
NP_525127,S100A16
NP_536316,PTP4A2
NP_536350,GNAS
NP_536351,GNAS
NP_536355,
NP_536856,SLC44A1
NP_542158,PTGS1
NP_542164,OSBPL1A
NP_542166,UPF2
NP_542196,COL11A1
NP_542380,APEX1
NP_542391,ZC3HAV1L
NP_542417,PRRC2A
NP_542781,SRSF12
NP_563578,PTPRC
NP_569707,PTPRF
NP_569710,DPP3
NP_570602,A1BG
NP_570603,AP2A1
NP_570721,PRRC1
NP_570849,OPA1
NP_570924,PTPRS
NP_570981,PPIL3
NP_573441,EPS8L1
NP_573566,LRPPRC
NP_579899,MYOF
NP_597677,NIPBL
NP_597680,ASNS
NP_597709,RAVER1
NP_597728,PPP1R18
NP_597734,SYNPO2
NP_598000,CD109
NP_598001,NEK7
NP_602293,HPCAL1
NP_612142,NUP35
NP_612144,DTX3L
NP_612208,GNPDA2
NP_612364,SCRN2
NP_612366,MCU
NP_612398,FAM114A1
NP_612429,AHNAK2
NP_612449,VASN
NP_612453,KCTD12
NP_612464,CTHRC1
NP_612510,TECR
NP_612815,BCL2L1
NP_613075,H2AFY
NP_620061,PGK2
NP_620073,GNAO1
NP_620137,FCHO2
NP_620150,ARL8A
NP_620156,GALM
NP_620164,CMBL
NP_620305,SON
NP_620407,MAPK1
NP_620409,VANGL1
NP_620581,MAPK14
NP_620614,SMARCA2
NP_620693,CSNK1D
NP_620706,SMARCC2
NP_631908,TRUB1
NP_644670,EHD4
NP_647598,BIN1
NP_653164,RPIA
NP_653174,NEXN
NP_653296,BROX
NP_653300,ATP1A4
NP_653304,LSM14B
NP_653311,10-Sep
NP_653337,NDUFAF7
NP_658985,APOA1BP
NP_659407,CXorf38
NP_659409,LDHAL6A
NP_659412,SLFN5
NP_659424,U2AF1L4
NP_659496,FUK
NP_659500,OARD1
NP_659731,MAP2K3
NP_660183,PYCARD
NP_660202,NAPRT
NP_660208,SPATA5
NP_660304,DNAJC19
NP_663314,PDCD4
NP_665683,GSTA1
NP_665798,6-Sep
NP_665859,PDCD10
NP_665877,GSTZ1
NP_665908,HMGA1
NP_671492,PALM2-AKAP2
NP_671713,TP53I3
NP_671717,FBXO22
NP_683710,ABHD11
NP_683718,SHMT1
NP_683720,PSMB8
NP_689474,TMEM263
NP_689476,TPM3
NP_689478,BTF3L4
NP_689508,TARS
NP_689509,ATP1A3
NP_689518,POGLUT1
NP_689557,LSM12
NP_689850,METTL7B
NP_689916,SAMD9L
NP_689926,STT3A
NP_689940,CPNE2
NP_689942,NT5DC1
NP_689953,HIBADH
NP_689971,YTHDF3
NP_690051,RBM12
NP_690595,RBM10
NP_690856,UHRF2
NP_690863,IL4I1
NP_690866,TIPRL
NP_690905,CPNE1
NP_694822,MINA
NP_694858,TNPO1
NP_694992,LRRC57
NP_694997,EML3
NP_699160,ALDH16A1
NP_705694,KRT13
NP_705718,CAMK1D
NP_705902,PANK2
NP_705935,TPM3
NP_710154,IKBIP
NP_714913,ELMOD2
NP_714916,KDELC2
NP_722550,RTN4
NP_722560,PTK2
NP_733746,SIAE
NP_733765,ATP2A2
NP_733779,SKP1
NP_733821,LMNA
NP_733822,LMNA
NP_733839,MSI2
NP_733844,ALDH4A1
NP_734467,C11orf31
NP_741960,CAMK2A
NP_742081,CAMK2B
NP_742112,CAMK2D
NP_751911,CAMK2G
NP_757345,TAPBP
NP_758527,MEIS2
NP_758861,CD46
NP_758871,CD46
NP_758957,C1QC
NP_775767,MPP7
NP_775813,PLBD2
NP_775885,NOMO2
NP_776049,WARS
NP_777549,NDUFAF2
NP_777553,C17orf49
NP_777567,PPP4R2
NP_777571,FAM84B
NP_777573,NOP9
NP_778224,HIST4H4
NP_778236,DDX51
NP_783297,TJP1
NP_783316,MT1E
NP_783863,FMNL3
NP_786924,UBR7
NP_787028,KRT79
NP_787048,TXLNA
NP_787082,PRPS1L1
NP_788276,CDK5RAP3
NP_789782,CHMP4B
NP_789839,PSME3
NP_789845,PPA2
NP_789846,MT1M
NP_803173,STX12
NP_803878,SULT1A1
NP_803882,CYP20A1
NP_808220,SULT1A3
NP_808592,ASAH1
NP_808800,GOLM1
NP_808881,PDE12
NP_817124,TUBB8
NP_818932,EPB41L1
NP_821068,PPP2R4
NP_821080,TUBB2B
NP_821133,TUBB
NP_835369,FUT8
NP_839943,IQGAP3
NP_842565,SPTBN1
NP_848537,FERMT3
NP_848695,HM13
NP_848697,HM13
NP_848927,MTDH
NP_849193,STT3B
NP_851385,
NP_851853,LEMD2
NP_851939,FKBP7
NP_851996,NCAM1
NP_852136,RFC2
NP_852478,ITGA1
NP_852667,MYL9
NP_853553,AUP1
NP_857593,SPINT1
NP_861970,NF2
NP_861974,TMED7
NP_862820,ORC3
NP_863656,ACOT7
NP_870986,PKLR
NP_871621,UBE2D3
NP_872282,COQ6
NP_872286,COQ6
NP_872353,TMED4
NP_874365,SCRIB
NP_874384,SYPL1
NP_877423,MCM4
NP_877496,ELMO2
NP_877590,PAIP1
NP_878908,WASH1
NP_886552,TRNT1
NP_886553,EIF4G1
NP_891556,
NP_891988,PLOD2
NP_891993,PRKACB
NP_892006,SYNE1
NP_892017,IRF2BP2
NP_892021,ZNF326
NP_892116,EIF5
NP_892118,DLGAP4
NP_898868,ZMYND8
NP_898869,ZMYND8
NP_899050,RAB23
NP_899064,C9orf142
NP_904358,TSC22D1
NP_919223,HNRNPA3
NP_919415,VAPA
NP_932332,GNPNAT1
NP_932349,DHRS4L2
NP_937762,LAMA3
NP_937885,EIF4G1
NP_938074,PRMT1
NP_938148,GANAB
NP_938149,GANAB
NP_940684,PTPLB
NP_940852,APOOL
NP_940876,OLFML1
NP_940888,RPL7L1
NP_940916,NHLRC2
NP_940978,AGRN
NP_940982,SLC27A1
NP_940991,BSG
NP_940999,SEC24C
NP_942016,TCEA2
NP_942127,ACLY
NP_942581,QRICH1
NP_942595,BMP2K
NP_942599,RAB6A
NP_945146,PYHIN1
NP_945353,ARHGEF1
NP_954592,CARM1
NP_954673,TMEM189-UBE2V1
NP_954699,RPE
NP_955368,FAHD2B
NP_955472,HSPD1
NP_957516,MAGED2
NP_958780,PLEC
NP_958781,PLEC
NP_958782,PLEC
NP_958784,PLEC
NP_958785,PLEC
NP_958786,PLEC
NP_958800,FLAD1
NP_958816,APP
NP_958831,RTN3
NP_958832,RTN3
NP_958833,RTN3
NP_958844,H2AFV
NP_958930,KLC4
NP_963834,NDRG2
NP_963906,IKBIP
NP_973726,SF1
NP_976059,BDH1
NP_976063,MYO18A
NP_976084,
NP_976227,PDLIM7
NP_976240,CAPRIN1
NP_976251,ACSL3
NP_976319,RNH1
NP_981961,CD163
NP_987095,DDX42
NP_991404,LSR
NP_995315,NFIC
NP_996562,GNL3
NP_996826,LTBP1
NP_996927,ENSA
NP_997192,UAP1L1
NP_997195,TUBA3E
NP_997198,CMPK2
NP_997403,RTN4
NP_997555,
NP_997639,FN1
NP_997647,FN1
NP_997657,GPS1
NP_997704,PRKCD
NP_998725,PKN1
NP_998760,ISCU
NP_998827,STAT3
NP_998839,TPM2
XP_001716274,
XP_001716463,
XP_001717112,
XP_001717731,
XP_001717770,
XP_003119131,
XP_003119341,
XP_003119578,
XP_003120167,
XP_003120323,
XP_003403513,
XP_003403613,
XP_003403669,
XP_003403714,
XP_003403797,
XP_003403801,
XP_003403806,
XP_003403878,
XP_003403879,
XP_003403901,
XP_003403902,
XP_003403926,
XP_933678,
XP_934799,
YP_003024031,MT-ATP6